clean_caption,formatted_time
big price hike alert commercial lpg cylinder prices have been hiked by 993 in the latest revision a massive jump that will directly hit restaurants dhabas hotels and small food businesses across india meanwhile domestic lpg cylinders remain unchanged giving household consumers a temporary sigh of relief what the numbers say commercial cylinder price up by 993 domestic cylinder no change businesses using bulk gas will feel the heat immediately food hospitality sector faces rising operational costs this hike comes at a time when small businesses are already struggling with inflation and thin margins for the average dhaba owner or street food vendor this is a direct hit to the pocket,01-05-2026 09:28
19kg commercial lpg cylinder price hiked by rs 993 domestic rates unchanged delhi rate now at rs 307150 disclaimer this post is for information and educational purposes only based on publicly available market data and news reports follow stockbullupdates for daily sm news please like share follow disclaimer this post is for information and educational purposes we are not sebi registered financial advisor please consult your financial advisor before making any finance related decisions disclaimer no copyright infringement intended we do not own the rights to this video or photo used in this reel or post all credit goes to the original creator this video or post is shared for informational purposes only if you are the owner and wish to discuss this content please dm or mail us fair use copyright disclaimer under section 107 of the copyright act 1976 allowance is made for fair use for purposes such as criticism comment news reporting teaching scholarship infringing we do not own all the material lpg cylinder 19kg commercial lpg cylinder cylinder prices hiked again commercial cylinder price hiked by rs 993 lpg cylinder,01-05-2026 02:03
prices of commercial 19kg lpg cylinders have been increased by 993 taking the price of a cylinder in to 307150 retail prices of and domestic lpg cylinders have been kept unchanged check the citywise prices of 19kg commercial lpg cylinder more on businesstodayin,01-05-2026 05:59
the price of 19 kg commercial lpg cylinders has been increased by rs 993 from today leading to a new retail price of rs 307150 per cylinder the revision comes into effect immediately and applies to commercial users across the country affecting businesses that rely heavily on lpg for daily operations the sharp increase is expected to impact sectors such as hotels restaurants food delivery services and small commercial establishments higher fuel costs may lead to increased operational expenses which could eventually be passed on to consumers businesses dependent on bulk lpg consumption are likely to reassess their budgets following the latest revision in prices however domestic lpg cylinder prices remain unchanged providing relief to household consumers the adjustment in commercial cylinder rates is part of periodic revisions linked to global fuel price movements and supply dynamics dont forget to follow mewsinsta for latest news bites and updates,01-05-2026 07:29
big breaking news commercial lpg users hit with a massive price shock starting today the price of a 19 kg commercial gas cylinder has been increased by a steep 993 this hike directly impacts restaurants hotels and small businesses and could soon reflect in food prices too relief for households there is no change in domestic lpg cylinder prices as of now stay alert this move could have a ripple effect on everyday expenses what do you think about this sudden hike fair or too much drop your thoughts below,01-05-2026 07:27
the price of 19 kg commercial lpg cylinders has seen a steep increase of rs 993 pushing the cost to rs 307150 in delhi from today according to sources domestic lpg cylinder prices however remain unchanged offering relief to household consumers meanwhile aviation turbine fuel atf prices have been kept steady with stateowned oil companies choosing to absorb rising global fuel costs to shield airlines and passengers from additional financial strain,01-05-2026 04:38
the price of a 19 kg commercial lpg cylinder has been raised by 993 with effect from may 1 marking a significant increase in cooking fuel costs for businesses following the hike the price in delhi now stands at 307150 up from 207850 earlier in mumbai commercial lpg cylinder prices have also surged rising from 2031 to 3024 meanwhile prices of domestic lpg cylinders remain unchanged according to news agency ani this latest revision marks the third increase in the price of commercial lpg cylinders since february 28 when the iran war began prices were first raised by 144 in march followed by another hike of nearly 200 on april 1 before the steep increase announced now,01-05-2026 02:39
commercial lpg cylinder prices have been increased by rs 993 with the revision coming into effect from may 1 just two days after the final phase of the fivestate assembly elections concluded in west bengal on april 29 the price of a 19kg commercial cylinder in delhi now stands at rs 307150 domestic lpg prices and aviation turbine fuel atf for local airlines remain unchanged however atf prices for international carriers have been raised by 5 per cent in line with global benchmarks retail prices of petrol and diesel have also been kept steady the price revisions have largely been limited to commercial lpg bulk diesel and fuel for international airline operations segments that account for a relatively smaller share of overall consumption click on the in our bio to read the full article,01-05-2026 08:27
flame hits the wallet the 19kg commercial lpg cylinder now costs 307150 in delhi after a steep 993 hike squeezing restaurants and small businesses how will this price surge impact everyday operations and consumer costs,01-05-2026 03:16
commercial lpg prices have seen a sharp hike from may 1 with the 19 kg commercial cylinder becoming costlier by 993 after the latest revision a 19 kg commercial lpg cylinder in delhi will now cost 307150 the price of the 5 kg free trade lpg cylinder has also been increased by 261 with immediate effect the hike applies to commercial and bulk lpg categories which are mainly used by restaurants hotels bakeries tea shops caterers and small food businesses this could raise operating costs for the food and hospitality sector with some businesses likely to pass on part of the burden to customers however there is no change in the price of the 142 kg domestic lpg cylinder used by households petrol diesel and domestic cooking gas rates have also reportedly been kept unchanged for now the steep increase has already triggered political criticism with opposition leaders questioning the timing of the hike and warning that it may indirectly hit consumers through higher food and service prices,01-05-2026 06:33
lpg prices across india what you need to know check out the latest subsidized lpg cylinder prices across major cities in india stay informed and plan ahead from mumbai to jaipur see how prices compare in your city follow indiansinfinance for more updates on economic trends cost of living and financial planning price comparison economic insights cost of living financial updates india news,14-03-2026 16:28
19 kg commercial lpg cylinder price hiked by 993 effective may 1 price rises to 307150 from 207850 price jumps to 3024 from 2031 domestic cylinder prices remain unchanged,01-05-2026 04:36
commercial lpg prices have surged across india with rates reportedly reaching around 993 increasing pressure on restaurants and small businesses rising fuel costs are expected to impact operations and consumer prices nationwide follow us to stay informed and updated,01-05-2026 09:11
1 1000 3000 pricerise economicimpact irancrisis commonman businessimpact,01-05-2026 01:48
commercial lpg cylinder prices have surged by 1518 in just four months with the steepest hike of 993 recorded on may 1 the sharp rise highlights mounting cost pressures for businesses relying on bulk fuel follow onevisionmediain to stay informed and updated lpg price hike commercial cylinders inflation impact fuel prices india economy 521b 1957 t,01-05-2026 07:59
breaking or calculated move 993 hike in one shot commercial cylinders up but domestic prices unchanged look at the timing silence when it mattered and suddenly price surge is this policy or perfectly timed strategy relief for headlines pressure on businesses the real question are decisions made for people or for timing drop your opinion fair move or smart game stay alert numbers never lie,01-05-2026 08:22
oil marketing companies announce a significant 993 price increase for 19kg commercial lpg cylinders effective may 1 2026 lpg price hike may 2026 commercial cylinder 993 increase delhi lpg rates business gas prices india domestic lpg unchanged,01-05-2026 02:06
the price of commercial lpg has been increased by 993 per 19kg cylinder across india marking the third straight monthly hike amid rising global energy costs linked to geopolitical tensions in west asia in delhi the revised price of a 19kg commercial cylinder now stands at 30715 up from 207850 earlier the increase is expected to impact hotels restaurants and small businesses that rely heavily on commercial lpg for daily operations the repeated price revisions have sparked concern among industry stakeholders who say the rising input costs could eventually be passed on to consumers lpg price hike commercial lpg india lpg cylinder price gas price increase india delhi lpg rates 19 kg cylinder price hospitality cost rise fuel inflation india west asia conflict impact energy price hike restaurant cost increase india news lpg commercial gas rates inflation india,01-05-2026 08:39
lpg price hike lpg 3000,01-05-2026 05:01
commercial lpg cylinder prices have been revised upwards steeply effective friday adding to costs for businesses in the food and hospitality sectors while domestic lpg prices remain unchanged for households according to sources the price of a 19 kg commercial lpg cylinder has been increased by rs 993 taking the cost in delhi to rs 307150 from today the 5 kg ftl free trade lpg cylinder has also been hiked by rs 261 per cylinder with immediate effect there has been no change in the price of the 142 kg domestic lpg cylinder which continues to be used by around 33 crore households across the country the revision applies only to commercial and bulk lpg categories which together account for a small share of overall lpg consumption in india domestic lpg which is subsidised and widely used for cooking has been kept out of the latest price adjustment ndianews,01-05-2026 05:51
lpg price update commercial lpg cylinder prices have increased significantly with a 993 jump taking the 19 kg cylinder price to 307150 in delhi this change mainly impacts businesses like restaurants and small vendors while domestic cylinder prices remain unchanged for now what do you think about this price hike let me know in the comments disclaimer this post is for informational purposes only data is based on publicly available news reports it does not intend to promote criticize or target any individual government or political group,01-05-2026 07:33
lpg price increased in pakistan,01-04-2026 09:00
heres what the government wants you to know the ministry of petroleum and natural gas has reviewed lpg supply across all states and uts directing strict action against hoarding and diversion and urging citizens to avoid panic buying read the full story,03-04-2026 08:30
there is significant confusion regarding lpg cooking gas rule changes while several reports and social media posts have claimed new restrictions will take effect on may 1 2026 the ministry of petroleum and natural gas has officially clarified that no changes have been made to refill booking timelines official booking delivery rules current the government has dismissed viral claims of a new 35day waiting period reiterating that the existing system remains in place booking gap the mandatory interval between two refill bookings continues to be 25 days in urban areas and 45 days in rural areas connection types these timelines apply to all domestic connections including singlecylinder doublecylinder and pradhan mantri ujjwala yojana pmuy beneficiaries otp verification the delivery authentication code dac system is now mandatory you must share the otp received on your registered mobile number with the delivery personnel to receive your cylinder annual limit households are generally eligible for up to 12 subsidised cylinders per financial year new png rule order issued march 2026 one major policy change that has been officially introduced involves households in areas with existing piped natural gas png infrastructure lpg disconnection households must switch to a png connection where connectivity is available timeline lpg supply to such households may be discontinued 3 months after receiving a notice from the gas company exemption if a png connection is technically infeasible a no objection certificate noc must be obtained to continue lpg supply,22-04-2026 18:20
global energy supply chains are more fragile than we think when lpg supply is disrupted due to geopolitical conflicts or logistics challenges millions of households are left vulnerable building resilient cooking energy systems is no longer optional locally sourced fuels like biomass pellets offer a reliable and sustainable alternative at ecosense appliances we believe the future of clean cooking lies in energy independence local resources and resilient technologies kokilketaki,10-03-2026 14:32
lpg supply across the country remains stable and well supported by strong domestic production and secured imports following recent measures domestic refinery production has increased by 40 raising daily lpg output to 50 tmt which now meets over 60 of indias total requirement of around 80 tmt this increase in domestic availability has reduced the net daily import requirement to approximately 30 tmt strengthening overall supply resilience in addition to domestic production 800 tmt of inbound lpg cargoes have already been secured and are en route from multiple global sources arriving across 22 lpg import terminals nationwide this ensures nearly one full month of firm supply with additional procurement being continuously planned to maintain steady availability oil companies including bpcl continue to deliver over 50 lakh lpg cylinders every day earlier panic ordering had temporarily increased demand to 89 lakh cylinders but it has now normalised back to around 50 lakh cylinders per day reflecting stable distribution commercial cylinder allocation has also been increased to 50 in coordination with state authorities to prevent hoarding and ensure balanced supply bpcl through its bharatgas network is actively supporting this robust supply chain by ensuring continuous replenishment of distributors and timely deliveries to households there is no lpg shortage and supplies remain reliable across regions customers are encouraged to avoid panic booking and continue with normal consumption patterns while relying only on official updates hardeepspuri ministryofpng bpclimited,30-03-2026 12:01
important lpg helpline numbers as concerns around lpg supply grow consumers can book refills or seek assistance through official helplines of bharat gas indane gas and hp gas these services help ensure quicker access and support for households across india follow upscalerts for such informative updates,13-03-2026 13:30
ncr indane ensures a steady supply of clean safe and ecofriendly lpg for homes and businesses with reliable service and unmatched quality our cylinders power kitchens with trust and efficiency choose ncr indane for a smarter greener energy solution that makes every cooking experience convenient safe and worryfree get your new connection now 9352815229 visit ncr indane shop no 121 first floor ganpati mall samtal road bhiwadi301019 districtalwar raj ncr indane lpg gas eco friendly gas clean fuel safe gas household cooking industrial gas commercial lpg energy solution trusted gas lpg supply gas cylinder reliable service green energy eco solution safe energy clean cooking cooking fuel lpg connection energy provider,14-09-2025 05:50
lpg price hike in india commercial lpg cylinder price increased the price of a 19 kg commercial lpg cylinder has been raised by 993 after this revision the new price in delhi has reached 307150 this significant increase is likely to raise operating costs for food businesses that depend heavily on commercial cooking gas however there is no change in domestic lpg cylinder prices which means household users will not be affected by this revision for now,01-05-2026 07:03
lpg supply remains steady across the country domestic deliveries are running smoothly while additional commercial lpg supply is being ensured to support demand please rely only on official updates and avoid misinformation,06-04-2026 05:25
your lpg supply remains secure and uninterrupted indianoil continues to ensure steady lpg availability for households across the country we understand that some customers may be booking refills earlier than usual however advance or panic bookings can temporarily increase demand and affect delivery timelines a small step can make a big difference please book your lpg refill only when required and avoid panic bookings our teams and distributors remain committed to ensuring cylinders reach homes across india fuelingindia,17-03-2026 02:45
lpg supply is moving again after delays at the strait of hormuz major lpg vessels are finally reaching india supply improving market still tight transport demand likely to rise supplychain,17-03-2026 11:01
fueling growth powering progress commercial lpg supply has now raised to 70 of levels before current geopolitical condition at indianoil we remain committed to consistent supply priority support to hospitals pharmaceutical educational sectors reliable and efficient energy access together we keep kitchens running and businesses thriving,06-04-2026 06:59
when lpg supply stopped many hotels struggled but we took action we imported highperformance electric fryers to keep businesses running without interruption dont shut down your kitchen upgrade it switch smart cook faster and stay ahead of the game this is not just equipment this is your business backup plan electric fryer commercial lpg alternative kitchen restaurant electric equipment gas shortage solution hotel kitchen upgrade electric cooking system deep fryer electric commercial kitchen india food business solutions restaurant equipment supplier,25-03-2026 14:54
a sharp price hike has been announced for commercial lpg cylinders with the cost of a 19 kg cylinder increased by 993 from may 1 following this revision the price in delhi now stands at 307150 marking one of the steepest recent increases and adding significant pressure on businesses such as hotels restaurants and small commercial establishments that rely heavily on these cylinders despite this major jump for commercial users there has been no change in the price of domestic lpg cylinders offering some relief to household consumers the hike is being linked to fluctuations in global energy markets and rising input costs reflecting broader inflationary pressures impacting the economy follow geowiredaily for regular updates drop your thoughts in the comments section,01-05-2026 02:42
amid concerns over supply in chief minister has asserted that there is no crisis in the state however a senior official from indian oil corporation limited stated that the current lpg stock in assam would last around 1113 days authorities have also issued guidelines encouraging consumers to book lpg cylinders online to manage demand and ensure smooth distribution while officials continue efforts to stabilise supply and prevent panic buying,13-03-2026 16:57
lpg problem in india lpg crisis in india how to manage without lpg gas gas crisis lpg crisis lpg problem induction indian gas agency inductions chulha lpg supply crisis,17-03-2026 14:36
lpg supply is strong in nz but pricing follows global markets so this is about control small habits in the kitchen real savings on your bill control cost protect margin,29-03-2026 17:30
massive gas hike the price of a 19kg commercial lpg cylinder has been increased by 993 effective may 1 2026 this 3rd consecutive monthly hike aimed directly at restaurants hotels small eateries has significantly impacted their operating costs,01-05-2026 07:13
stop dont let gas shortage rumors empty your pocket with news about lpg supply hitting the headlines some delivery agents are taking advantage of the panic by demanding service charges or shortage fees of 5001000 here is the truth no matter what you hear you are legally required to pay only the amount printed on your official bill the bill already includes actual gas cost central state taxes delivery charges to your doorstep if an agent asks for a single rupee extra its illegal dont let them pressure you into paying black market rates,27-03-2026 14:18
