comment,ownerFullName,ownerUsername,url,commentsCount,firstComment,likesCount,time,queryTag,hashtags/0,hashtags/1,hashtags/2,hashtags/3,hashtags/4,hashtags/5,hashtags/6,hashtags/7,hashtags/8,hashtags/9,hashtags/10,hashtags/11,hashtags/12,hashtags/13,hashtags/14,hashtags/15,hashtags/16,hashtags/17,hashtags/18,hashtags/19,hashtags/20,hashtags/21,hashtags/22,,type
,,,https://www.instagram.com/explore/tags/argiculturalcrisis,,,,,,,,,,,,,,,,,,,,,,,,,,,,,,Instagram
"A critical chokepoint faces mounting pressure as military presence and geopolitical friction increase.

#BreakingNews #Iran #USA #Hormuz #OilPrices",OPTION MASTER™,optionmaster04,https://www.instagram.com/p/DX6V01KEyK5/,0,,0,2026-05-04T09:23:25.000Z,,BreakingNews,Iran,USA,Hormuz,OilPrices,,,,,,,,,,,,,,,,,,,,Instagram
"China has refused to comply with US sanctions targeting five firms accused of buying Iranian oil, calling the measures illegal and against international norms. Beijing said its companies will continue lawful trade despite pressure from Washington. The US aims to curb Iran’s oil revenue, but China remains a major buyer through independent refineries. Tensions rise as diplomatic talks between the US and Iran remain stalled, with new sanctions adding strain to global energy markets and China-US relations.

#China #Iran #USSanctions #OilTrade #BreakingNews #GlobalPolitics #EnergyCrisis #Tehran #Beijing

Disclaimer: This content is for informational purposes only and based on reported news sources.",Apna Watan Tv,apnawatan.tv,https://www.instagram.com/p/DX6V0v6jODw/,0,,0,2026-05-04T09:23:25.000Z,,China,Iran,USSanctions,OilTrade,BreakingNews,GlobalPolitics,EnergyCrisis,Tehran,Beijing,,,,,,,,,,,,,,,,Instagram
"Harga Minyak Brent Melonjak ke US$119/barel akibat kebuntuan negosiasi AS-Iran& Blokade Selat Hormuz ⛽️🔥

#ekonomi #geopolitics #beritaterkini #amerika #iran",Academy Trading House (ATH),academytrading_id,https://www.instagram.com/p/DX6VoNIkWPP/,0,,1,2026-05-04T09:21:42.000Z,,ekonomi,geopolitics,beritaterkini,amerika,iran,,,,,,,,,,,,,,,,,,,,Instagram
"An underground network is working to bring satellite internet devices into Iran, where internet access has remained heavily restricted for more than two months.

The country is facing one of the longest-running national internet shutdowns recorded globally. As a result, activists and individuals have turned to alternative methods to restore connectivity.

One individual, identified as Sahand for safety reasons, told BBC that he has been involved in secretly transporting Starlink terminals into Iran.

He said he has sent around a dozen devices into the country since January and is continuing efforts to move more.

Sahand also expressed concern about the risks, noting that being identified could lead to consequences for contacts inside Iran.

Human rights group Witness estimated in January that at least 50,000 Starlink terminals were already in Iran.

Activists believe the number has likely increased since then.

The Iranian government passed a law last year that makes the use, purchase, or sale of Starlink devices punishable by up to 2 years in prison. Distributing or importing more than 10 devices can lead to prison sentences of up to 10 years.

State-affiliated media have reported several arrests linked to the sale and import of satellite internet equipment, including four individuals detained last month.

The BBC said it contacted SpaceX for comment on the use of Starlink in Iran but did not receive a response.

#Starlink #Iran #Internet",ProPakistani,pro_pakistani,https://www.instagram.com/p/DX6VhhflXGJ/,0,,1,2026-05-04T09:20:51.000Z,,Starlink,Iran,Internet,,,,,,,,,,,,,,,,,,,,,,Instagram
"A striking natural stone with bold green tones and artistic patterns that make every slab unique. Perfect for luxury interiors, countertops, feature walls, and architectural projects.

Available now at Green Granite Group.

High‑quality blocks and slabs ready for your orders.

Contact us for more information.

🌐 www.green-granite.com
📧 sales@green-granite.com
📱 +98 919 3100780
📲 WeChat : wxid_g1v15m0m9gbc12

#green #green_granite_slab_stone #Iran #China #StoneIndustry",Green Granite Group®,green.granite,https://www.instagram.com/p/DX6VeNxDL2E/,0,,0,2026-05-04T09:20:23.000Z,,green,green_granite_slab_stone,Iran,China,StoneIndustry,,,,,,,,,,,,,,,,,,,,Instagram
"Mertz, chancelier allemand : les dirigeants iraniens sont en train d’humilier les États-Unis

Politico : Trump est en colère et veut humilier l’Europe

#Iran #Europe #Allemagne 
#États_Unis",IranRadio French,iranradiofr,https://www.instagram.com/p/DX6VbenjDKl/,1,,0,2026-05-04T09:19:58.000Z,,Iran,Europe,Allemagne,États_Unis,,,,,,,,,,,,,,,,,,,,,Instagram
"Iran reviews US response as tensions persist over peace proposal

Iran confirmed Sunday that it received a US response to its latest peace proposal and has begun reviewing the document, according to state media. However, neither Washington nor Islamabad immediately confirmed the communication, reportedly delivered through Pakistan.

CLICK HERE: https://thetruthinternational.com/iran-reviews-us-response-as-tensions-persist-over-peace-proposal/

#Iran #reviews #US #response #tensions #persist #peace #proposal #Islamabad #TTI",The Truth International,ttimagazinepk,https://www.instagram.com/p/DX6VYooguFb/,0,,0,2026-05-04T09:19:35.000Z,,Iran,reviews,US,response,tensions,persist,peace,proposal,Islamabad,TTI,,,,,,,,,,,,,,,Instagram
"#สงครามอิหร่าน ตลอดช่วงความขัดแย้งระหว่างสหรัฐฯ กับอิหร่านที่เริ่มต้นขึ้นในเดือนกุมภาพันธ์ 2026 โดนัลด์ ทรัมป์ ออกแถลงการณ์ที่ขัดแย้งกันอย่างต่อเนื่อง ทั้งประกาศชัยชนะ ขู่โจมตีซ้ำ และเรียกร้องการเจรจาภายในช่วงเวลาเพียงไม่กี่วัน จนไม่มีใครสามารถคาดเดาทิศทางที่แท้จริงของนโยบายสหรัฐฯ ได้

เมื่อวันที่ 2 พฤษภาคม ทรัมป์ปฏิเสธต่อหน้ากล้องว่าตนไม่เคยพูดว่าสหรัฐฯ ควรถอนตัวออกจากการเจรจากับอิหร่าน ทั้งที่มีบันทึกภาพการกล่าวประโยคดังกล่าวในคืนก่อนหน้า รูปแบบนี้ไม่ได้เกิดขึ้นเป็นครั้งแรก

นับตั้งแต่กองทัพสหรัฐฯ เปิดปฏิบัติการโจมตีโรงงานนิวเคลียร์อิหร่าน 3 แห่งเมื่อวันที่ 22 มิถุนายน 2025 ทรัมป์ประกาศผ่าน Truth Social ว่าเป็น ""การทำลายล้างอย่างสมบูรณ์"" แต่ IAEA ชี้ว่าปฏิบัติการดังกล่าวทำลายได้เพียงหนึ่งในสามของโรงงานนิวเคลียร์อิหร่านเท่านั้น ขณะที่ในสุนทรพจน์ State of the Union เมื่อ 24 กุมภาพันธ์ 2026 ทรัมป์กลับอ้างว่าอิหร่านเริ่มโครงการนิวเคลียร์ใหม่อีกครั้ง ซึ่งขัดแย้งกับคำแถลงของตนเองก่อนหน้านี้

สำหรับผลกระทบทางเศรษฐกิจ ความขัดแย้งครั้งนี้ถือเป็นการหยุดชะงักของอุปทานน้ำมันครั้งใหญ่ที่สุดนับตั้งแต่วิกฤตพลังงานในทศวรรษ 1970 ขณะที่สงครามที่ทรัมป์บรรยายว่า ""เสร็จในชั่วโมงแรก"" ยังคงดำเนินต่อเนื่องมาจนถึงปัจจุบัน

#สหรัฐ #โดนัลด์ทรัมป์ #อิหร่าน #ตะวันออกกลาง #สงคราม #สงครามอิหร่าน #ช่องแคบฮอร์มุซ #Iran #OperationEpicFury #WORLD #SPACEBAR",SPACEBAR,spacebarmediath,https://www.instagram.com/p/DX6VUqqkj9f/,0,,0,2026-05-04T09:19:07.000Z,,สงครามอิหร่าน,สหรัฐ,โดนัลด์ทรัมป์,อิหร่าน,ตะวันออกกลาง,สงคราม,ช่องแคบฮอร์มุซ,Iran,OperationEpicFury,WORLD,SPACEBAR,,,,,,,,,,,,,,Instagram
"- 🇮🇷🌙 -

#iran #for_iran #ایران_امام_رضا #ایران #ایرانم",فامی .,fami_art,https://www.instagram.com/p/DX6VC2rjIgX/,0,,1,2026-05-04T09:18:37.000Z,,iran,for_iran,ایران_امام_رضا,ایران,ایرانم,,,,,,,,,,,,,,,,,,,,Instagram
"Pakistan’s Diplomatic Win!
Iranian Crew Freed from US Custody 🇵🇰🤝

Pakistan has successfully played a key diplomatic role, ensuring the safe return of Iranian crew members previously held under a US-related maritime action. 🌍

According to the Foreign Office, the seized Iranian container vessel MV Tosca and its 22-member crew were transferred via Pakistan as part of a broader confidence-building step between the concerned parties.

The individuals, brought to Pakistan overnight, are set to be handed over to Iranian authorities today.

The vessel will also be returned to its original owners after necessary repairs, using Pakistan’s maritime coordination channels. ⚓

Officials say the move reflects cooperation and de-escalation efforts supported by both Iranian and American sides. 🤝
:
:
#Pakistan #Diplomacy #Iran #USA #MVTosca #BreakingNews #WorldNews #Maritime #PeaceEfforts #ForeignPolicy #InShortNews",InShort News,inshort.pk,https://www.instagram.com/p/DX6VN90gp0_/,0,,0,2026-05-04T09:18:09.000Z,,Pakistan,Diplomacy,Iran,USA,MVTosca,BreakingNews,WorldNews,Maritime,PeaceEfforts,ForeignPolicy,InShortNews,,,,,,,,,,,,,,Instagram
"হরমুজ প্রণালীতে মার্কিন বাহিনীর প্রবেশের চেষ্টাকে সরাসরি হামলার হুমকি দিয়েছে ইরান। প্রজেক্ট ফ্রিডম ঘিরে পারস্য উপসাগরে বড় ধরনের সামরিক সংঘাতের আশঙ্কা বাড়ছে।
#USIranWar #StraitOfHormuz #MiddleEastCrisis #iran #unitedstates",Business Times,bdbusinesstimes,https://www.instagram.com/p/DX6VH-PEgVq/,0,,0,2026-05-04T09:17:19.000Z,,USIranWar,StraitOfHormuz,MiddleEastCrisis,iran,unitedstates,,,,,,,,,,,,,,,,,,,,Instagram
"Presiden AS, Donald Trump, mengumumkan peluncuran operasi baru bernama “Project Freedom” untuk membantu kapal-kapal yang terjebak di Selat Hormuz keluar dengan aman.

Langkah ini disebut sebagai upaya kemanusiaan di tengah meningkatnya ketegangan antara AS dan Iran.

Trump mengatakan bahwa banyak negara meminta bantuan AS untuk membebaskan kapal mereka yang tertahan di jalur strategis tersebut.

“Kami akan melakukan upaya terbaik untuk membawa kapal dan awaknya keluar dari selat dengan aman,” ujar Trump dikutip dari The Business Standard.

Kunjungi Website kami di GPriority.co.id

📝 Nindya Farhah Azzahrah 
📷 AFP

#presidenttrump #projectfreedom #selathormuz #iran #gpriority",Majalah GPriority,gpriority,https://www.instagram.com/p/DX6VHpPGaiH/,0,,0,2026-05-04T09:17:15.000Z,,presidenttrump,projectfreedom,selathormuz,iran,gpriority,,,,,,,,,,,,,,,,,,,,Instagram
Time… #gaza #iran #lebanon #syria #genocide,Theresa Maloney,nota.regularmomimacoolmom,https://www.instagram.com/p/DX6VEjaAnuJ/,0,,0,2026-05-04T09:17:15.000Z,,gaza,iran,lebanon,syria,genocide,,,,,,,,,,,,,,,,,,,,Instagram
"Bakom rubrikerna om kriget om Iran döljer sig större mönster. Realistiska och världssystemteoretiska perspektiv visar hur globala maktspel formar vardagen för människor i periferin – där krisens pris betalas.

LÄS MER PÅ MAGASINETKONKRET.SE

#iran

Det är DU som betalar vår journalistik, inte staten eller kapitalet!
Swish: 1236336879
Sveriges enda magasin med fokus på mediekritik, källkritik och politisk satir",MagasinetKonkret,magasinetkonkret,https://www.instagram.com/p/DX6VHY7glEj/,0,,0,2026-05-04T09:17:13.000Z,,iran,,,,,,,,,,,,,,,,,,,,,,,,Instagram
Russia officials reportedly said: Iran’s enemy is our enemy’ during interrogation 🇷🇺☫🇮🇷🥰 #irantoday #iran #iranvsusa #iranvsisrael,احسن علی,iam.hussainii,https://www.instagram.com/p/DX6VD30jaAX/,0,,1,2026-05-04T09:16:46.000Z,,irantoday,iran,iranvsusa,iranvsisrael,,,,,,,,,,,,,,,,,,,,,Instagram
"The increase in prices affects everyone, including:

1. Public transportation drivers, such as our jeepney, tricycle drivers, etc.

2. All who use transportation, may it be public or private, such as commuters, students, parents, etc.

But it is important to acknowledge that the price hikes are not just a problem for those who use vehicles, but it is a burden to every household. This is seen in families who need to extend their already tight budget just to keep up with the increase in costs. 

It may seem like there’s nothing we can do, but what if we told you that you can help, even in your own little way? 
Scan the QR code and sign the petition to help stop the price hikes. Take action now! 

Like, comment, share, and follow to ensure we stay informed, as well as our friends and families! Mag-ingat palagi.

#FuelTheTruth #Inflation #OilPriceHike #Iran #MiddleEast #Philippines",Fuel the Truth in the Ph 🇵🇭,fuelthetruth_ph,https://www.instagram.com/p/DX6VCWsmZRC/,0,,-1,2026-05-04T09:16:32.000Z,,FuelTheTruth,Inflation,OilPriceHike,Iran,MiddleEast,Philippines,,,,,,,,,,,,,,,,,,,Instagram
"Trump: 

Özgürlük Operasyonu 100’den fazla uçak ve 15 bin askerle operasyon yapılacak.

İran: 

Herhangi bir güç, özellikle ABD ordusu, Hürmüz’e yaklaşırsa saldırıya uğrayacak.
#trump #abd #usa #iran #hürmüzboğazı",Mehmet Şirin KARPUZ | Karpuz Media,karpuzmedia,https://www.instagram.com/p/DX6U2_WjXsZ/,0,,0,2026-05-04T09:15:41.000Z,,trump,abd,usa,iran,hürmüzboğazı,,,,,,,,,,,,,,,,,,,,Instagram
"Domenica 3 maggio, sul social Truth, il presidente degli Stati Uniti Donald Trump ha annunciato l’avvio di “Project Freedom”: dalla mattina di lunedì 4 maggio, gli USA inizieranno a “scortare” le navi attraverso lo Stretto di Hormuz. 

Trump ha avvertito che eventuali tentativi dell’Iran di ostacolare l’operazione “dovranno essere contrastati con fermezza”.

Sebbene Trump affermi che si tratti di un ""gesto umanitario"", il Comando Centrale degli Stati Uniti (Centcom) ha precisato che il supporto militare includerà cacciatorpediniere lanciamissili, oltre 100 velivoli terrestri e navali, droni multidominio e circa 15.000 militari. 

I funzionari hanno inoltre affermato che la marina statunitense fornirà alle navi mercantili informazioni sulle migliori rotte marittime nello stretto, in particolare per quanto riguarda l'utilizzo di rotte non minate dall'esercito iraniano.

Ebrahim Azizi, presidente della commissione parlamentare per la sicurezza nazionale dell’Iran ha avvertito che Teheran considererà qualsiasi ""ingerenza statunitense"" nello Stretto di Hormuz come una violazione del cessate il fuoco in vigore.

""Avvertiamo che qualsiasi forza armata straniera, in particolare l’aggressivo esercito statunitense, qualora intendesse avvicinarsi o entrare nello Stretto di Hormuz, sarà presa di mira e attaccata"", ha dichiarato il generale Ali Abdollahi del comando centrale delle forze armate iraniane, in una nota diffusa dall'emittente statale Irib.

Il giornalista Jeremy Scahill riporta le dichiarazioni di un alto funzionario iraniano, secondo cui l’obiettivo di Trump è provocare una reazione di Teheran per giustificare un’escalation militare.

La posizione iraniana resta netta: ogni nave mercantile che attraversi le rotte designate “senza previa coordinazione verrà prontamente intercettata dalle forze iraniane”, e qualsiasi risposta militare statunitense riceverà una reazione “immediata e proporzionata”, afferma il funzionario citato da Scahill.

#iran #usa #hormuz #trump",Fernanda Sorrento,fernandasorrento,https://www.instagram.com/p/DX6U1CWFuwo/,0,,0,2026-05-04T09:14:43.000Z,,iran,usa,hormuz,trump,,,,,,,,,,,,,,,,,,,,,Instagram
"Iran’s Big Peace Move Shakes Battlefield

#iran #trump #battlefield",Fazal Speaks,fazalspeaks,https://www.instagram.com/p/DX6UyxTjIZv/,0,,0,2026-05-04T09:14:24.000Z,,iran,trump,battlefield,,,,,,,,,,,,,,,,,,,,,,Instagram
"Srcmoda bluz
38/40/42/44/46
Satışlarımız toptandır/olur sales are wholesale
New seasons🔥🔥
Telegram/srcmoda
Whatsapp+0546 632 44 02
#bluz #bayanbluzleri #newcollection 
#kongo #iran ırak nijerya gürcistan rusya ukranya 
kazakistan azerbaycan senegal istagramreels",SRCMODA,src.moda,https://www.instagram.com/p/DX6UxI0CGBF/,0,,1,2026-05-04T09:14:11.000Z,,bluz,bayanbluzleri,newcollection,kongo,iran,,,,,,,,,,,,,,,,,,,,Instagram
"Cargo ship attacked near Strait of Hormuz as UK maritime agency raises alert

Source: THE EXPRESS TRIBUNE 

Read more: Link in Bio or Download our app oigetit.com. 

This article was fact checked by oigetit.com. 

#Oigetit #BreakingNews #MaritimeSecurity #Iran #StraitOfHormuz GlobalShipping",Oigetit - Real-Time AI Intelligence Platform,oigetit_uk,https://www.instagram.com/p/DX6UuPTjKnI/,0,,0,2026-05-04T09:13:59.000Z,,Oigetit,BreakingNews,MaritimeSecurity,Iran,StraitOfHormuz,,,,,,,,,,,,,,,,,,,,Instagram
My younger settter in my academy. #GoldenGlobes #DigitalBlackoutIran #worldvolleyball #bbvipks4 #Iran #StarAcademy #VNL #VNL #USA #ELWAKE #kalebi,Central Volleyball Academy GH,centralvolleyballa,https://www.instagram.com/p/DX6UlE2jrz2/,0,,2,2026-05-04T09:12:32.000Z,,GoldenGlobes,DigitalBlackoutIran,worldvolleyball,bbvipks4,Iran,StarAcademy,VNL,USA,ELWAKE,kalebi,,,,,,,,,,,,,,,Instagram
"Cool pattern will hold across much of the #MiddleEast through midweek, but remaining warm in the southern #ArabianPeninsula and central and eastern #Iran. Warmer in the cool area late this week.",Jason Nicholls,jnmet1970,https://www.instagram.com/p/DX6UkYlFlaH/,0,,0,2026-05-04T09:12:26.000Z,,MiddleEast,ArabianPeninsula,Iran.,,,,,,,,,,,,,,,,,,,,,,Instagram
"Srcmoda bluz
38/40/42/44/46
Satışlarımız toptandır/olur sales are wholesale
New seasons🔥🔥
Telegram/srcmoda
Whatsapp+0546 632 44 02
#bluz #bayanbluzleri #newcollection 
#kongo #iran ırak nijerya gürcistan rusya ukranya 
kazakistan azerbaycan senegal istagramreels",SRCMODA,src.moda,https://www.instagram.com/p/DX6UjcIiBMN/,0,,1,2026-05-04T09:12:23.000Z,,bluz,bayanbluzleri,newcollection,kongo,iran,,,,,,,,,,,,,,,,,,,,Instagram
"Tension is rising again in one of the world’s most important oil routes 🌍⚠️
Iran says it will attack US forces if they enter the Strait of Hormuz, after Trump announced a new escort mission for stranded ships.

With talks stalled and oil prices rising, the world is watching closely.

#StraitOfHormuz #Iran #USA #GlobalTensions #OilCrisis #TMNNews 
https://thoughtmedianetwork.com/us-escort-plan-triggers-strong-military-response-from-iran/",Thought Media Network,thoughtmedia.network,https://www.instagram.com/p/DX6UixNIG3P/,0,,0,2026-05-04T09:12:17.000Z,,StraitOfHormuz,Iran,USA,GlobalTensions,OilCrisis,TMNNews,,,,,,,,,,,,,,,,,,,Instagram
"Ketegangan belum benar-benar reda meski gencatan senjata berlaku antara Amerika Serikat dan Iran. 

Di balik layar, Donald Trump mempertimbangkan dua langkah besar: memperpanjang blokade atau melancarkan serangan baru. Sementara itu, Selat Hormuz sebagai jalur vital energi dunia kini hampir lumpuh, dengan lalu lintas kapal turun hingga 95%. 

Iran masih bisa bertahan dalam jangka pendek, tapi tekanan ekonomi, turunnya produksi minyak, dan lonjakan inflasi jadi ancaman serius bukan hanya bagi Iran, tapi juga stabilitas global. 🌍🔥

#Iran #AmerikaSerikat #SelatHormuz #Geopolitik #BeritaDunia",Mab Sky Satrio,mabskysatrio32,https://www.instagram.com/p/DX6UixIiSdn/,0,,1,2026-05-04T09:12:15.000Z,,Iran,AmerikaSerikat,SelatHormuz,Geopolitik,BeritaDunia,,,,,,,,,,,,,,,,,,,,Instagram
"پاکستان اور ایران کے وزرائے خارجہ کے درمیان اہم ٹیلیفونک رابطہ ہوا ہے جس میں خطے کی صورتحال، بڑھتی کشیدگی اور امن و استحکام کے فروغ پر تفصیلی تبادلہ خیال کیا گیا۔

نائب وزیراعظم و وزیر خارجہ اسحاق ڈار نے اپنے ایرانی ہم منصب عباس عراقچی سے ٹیلیفون پر گفتگو کی، جس میں خطے کی مجموعی صورتحال اور کشیدگی میں کمی کیلئے پاکستان کی سفارتی کوششوں پر بات چیت ہوئی۔

ترجمان دفتر خارجہ طاہر حسین اندرابی کے مطابق اسحاق ڈار نے ایرانی ہم منصب کو فریقین کے درمیان مکالمے کے فروغ اور امن کیلئے جاری سفارتی اقدامات سے آگاہ کیا۔

ایرانی وزیر خارجہ نے پاکستان کے کردار کو سراہتے ہوئے اس کی مخلصانہ ثالثی کی کوششوں کو مثبت قرار دیا۔

گفتگو میں اسحاق ڈار نے اس عزم کا اظہار کیا کہ پاکستان خطے میں دیرپا امن، استحکام اور باہمی احترام پر مبنی تعلقات کیلئے اپنی کوششیں جاری رکھے گا، جبکہ دونوں ممالک نے علاقائی امن کیلئے مشترکہ اقدامات جاری رکھنے اور سفارتی روابط مزید مضبوط بنانے پر اتفاق کیا۔

یاد رہے کہ پاکستان میں تعینات ایرانی سفیر رضا امیری مقدم نے بھی حالیہ بیان میں کہا تھا کہ ایران اور امریکا کے درمیان مذاکرات میں پاکستان کی ثالثی کی کوششوں کو سراہا جاتا ہے اور اس کردار میں کسی تبدیلی کا فیصلہ نہیں ہوا۔

#Pakistan #Iran #IshaqDar #AbbasAraghchi #Diplomacy #PeaceTalks #ForeignPolicy #MiddleEast #InternationalRelations #WorldNews #BreakingNews #karachinamaa",Karachi Namaa,karachinamaa.pk,https://www.instagram.com/p/DX6UhZolazB/,0,,0,2026-05-04T09:12:02.000Z,,Pakistan,Iran,IshaqDar,AbbasAraghchi,Diplomacy,PeaceTalks,ForeignPolicy,MiddleEast,InternationalRelations,WorldNews,BreakingNews,karachinamaa,,,,,,,,,,,,,Instagram
"যেসব জাহাজ হরমুজ প্রণালিতে আটকে আছে তাদের নিরাপদে সরাতে যুক্তরাষ্ট্র সর্বোচ্চ চেষ্টা করবে বলে জানিয়েছেন মার্কিন প্রেসিডেন্ট ডোনাল্ড ট্রাম্প
#StraitOfHormuz #DonaldTrump #iran #chaarchanews",chaarcha,chaarchabd,https://www.instagram.com/p/DX6UgOSFECm/,1,,0,2026-05-04T09:11:53.000Z,,StraitOfHormuz,DonaldTrump,iran,chaarchanews,,,,,,,,,,,,,,,,,,,,,Instagram
"Dunia benar-benar di ujung tanduk! Ketegangan antara Iran dan Donald Trump kini makin panas dan terasa nyata. Semua bermula dari rencana operasi militer AS di Selat Hormuz, jalur vital yang selama ini jadi urat nadi distribusi energi dunia.

Dilansir dari CNBC Indonesia, Iran tak lagi berbicara halus. Ancaman disampaikan secara terang-terangan: jika AS tetap memaksa masuk, Hormuz akan berubah jadi “kuburan kapal”. Situasinya bukan sekadar perang kata-kata. Ratusan kapal sudah tertahan, pasokan minyak terganggu, dan harga energi mulai melonjak tajam.

Di sisi lain, Trump menyebut langkah ini sebagai misi kemanusiaan. Tapi di balik itu, kekuatan militer besar sudah disiapkan, dari kapal perang hingga ribuan pasukan. Ini yang bikin banyak pihak khawatir, karena kondisi seperti ini sering jadi awal konflik besar.

Iran bahkan memberi batas waktu satu bulan. Setelah itu, semuanya bisa berubah drastis. Dunia sekarang hanya bisa menunggu, berharap ini berakhir damai, bukan jadi awal bencana global.

Apakah ancaman Iran benar-benar akan berubah jadi serangan nyata ke kapal perang AS?

‼️Disclaimer : Postingan ini hanya bertujuan untuk edukasi, Bukan ajakan membeli atau menjual aset
_______

#iran #selathormuz #trump #unitedstates #BitorexPost",Bitorex Post,bitorexpost,https://www.instagram.com/p/DX6UeWlkedq/,0,,45,2026-05-04T09:11:37.000Z,,iran,selathormuz,trump,unitedstates,BitorexPost,,,,,,,,,,,,,,,,,,,,Instagram
"📅 Lunedì 4 maggio 2026 🕣ore 20.45
📍 Cantieri Teatrali Koreja, Lecce

✨ MOHÁBBAT arriva a @teatrokoreja: una coreografia intensa che racconta l’Iran invisibile, tra corpo, memoria e desiderio di libertà.

#Danza #Mohabbat #Koreja #Iran #Cultura #ScenaContemporanea #Culturmedia #Legacoop",CulTurMedia Legacoop,culturmedia_nazionale,https://www.instagram.com/p/DX6UTVFiqTt/,0,,0,2026-05-04T09:10:09.000Z,,Danza,Mohabbat,Koreja,Iran,Cultura,ScenaContemporanea,Culturmedia,Legacoop,,,,,,,,,,,,,,,,,Instagram
"🌏 ¡ASIA Y MEDIO ORIENTE EN EL EPICENTRO DE LA GEOPOLÍTICA MUNDIAL! 
Vamos a entender los 3 frentes que están redefiniendo el poder global este fin de semana.

1️⃣El mundo contiene el aliento. 
El Estrecho de Ormuz 🚢, la arteria energética del planeta, sufre un estrangulamiento que deja a 20,000 marineros y miles de buques atrapados, la tensión diplomática entre Irán y EE. UU. es máxima.

2️⃣El conflicto regional no da tregua: el intercambio de fuego entre Hezbolá e Israel se intensifica, mientras las calles de Tel Aviv y Jerusalén se llenan de ciudadanos exigiendo la renuncia de Netanyahu y un giro hacia la paz.

3️⃣ El movimiento que está sacudiendo las estructuras de poder global viene desde Beijing: China quien ha confirmado su respaldo oficial a Michelle Bachelet para liderar la Secretaría General de la ONU. Un apoyo histórico que viene con una advertencia directa a Washington: el nuevo liderazgo debe ser ""independiente"".

Un fin de semana que cambia las reglas del juego.

#Geopolítica #MedioOriente #Irán #EstrechoDeOrmuz #Israel #Netanyahu #Líbano #Hezbolá #ONU #MichelleBachelet #Chile #China #XiJinping #NoticiasInternacionales #AnálisisMundial #SITPCOM #NoticiasMundiales #sitpcombarlovento #jesusdomingueza545 #noticiasvenezuela #rnv #sitpcom #periodistasycomunicadores @cnpmiranda @sitpcom",Pura Suárez,platglobalven,https://www.instagram.com/p/DX6VwBhlnEy/,0,,0,2026-05-04T09:22:46.000Z,,Geopolítica,MedioOriente,Irán,EstrechoDeOrmuz,Israel,Netanyahu,Líbano,Hezbolá,ONU,MichelleBachelet,Chile,China,XiJinping,NoticiasInternacionales,AnálisisMundial,SITPCOM,NoticiasMundiales,sitpcombarlovento,jesusdomingueza545,noticiasvenezuela,rnv,sitpcom,periodistasycomunicadores,,Instagram
#Israel #Rusia #sumud #flotilla #Secuestro,Borja Rodrigo Alcázar,borjarodrigoalcazar,https://www.instagram.com/p/DX6VTssDKU6/,0,,0,2026-05-04T09:18:56.000Z,,Israel,Rusia,sumud,flotilla,Secuestro,,,,,,,,,,,,,,,,,,,,Instagram
"— Ripoti kutoka Channel 12 ya Israel zinaeleza kuwa Somaliland ipo tayari kuingia katika ushirikiano wa kiusalama na Israel ili kukabiliana na vitisho katika lango la kimkakati la Bab al-Mandab. 

Hatua hii inakuja huku kukiwa na uwezekano wa kuanzishwa kwa “muungano wa kiamani” kati ya mataifa hayo mawili, ikizingatiwa kuwa Israel ndiyo nchi pekee mwanachama wa UN iliyoitambua rasmi uhuru wa Somaliland mnamo Desemba 2025. 🌍🛡️

Usipitwe na habari na video mpya kila siku — Follow page yetu sasa @nasseraltaie.media 📢✨

#Somaliland #Israel #Yemen #Ansarallah #BabAlMandab",Nasser Altaie Media,nasseraltaie.media,https://www.instagram.com/p/DX6VAohjNi5/,0,,1,2026-05-04T09:16:29.000Z,,Somaliland,Israel,Yemen,Ansarallah,BabAlMandab,,,,,,,,,,,,,,,,,,,,Instagram
"🔴🌏⚡️ | HAMAS > Khalil al-Hayya, succède à Sinwar: élu chef du Hamas, Khalil al-Hayya avait salué le cessez-le-feu comme une « victoire » tout en qualifiant le 7 octobre de « source de fierté ». 

Selon plusieurs sources, dont le quotidien libanais Al-Akhbar, le Hamas a procédé à un renouvellement de sa direction. Khalil al-Hayya prend la tête du mouvement à Gaza, Zaher Jabarin en Judée-Samarie et Khaled Mechaal reste en charge de la direction extérieure.

Dans une déclaration télévisée depuis le Qatar ou il reside, al-Hayya a affirmé que le Hamas avait « contrecarré les objectifs de l’occupation », qualifiant l’accord de cessez-le-feu de « moment stratégique historique ».

Le massacre le plus meurtrier des Juifs depuis le génocide de l’Holocauste était une « réalisation militaire » et « une source de fierté pour notre peuple... à transmettre de génération en génération », a déclaré al-Hayya.

Parallèlement, le dirigeant du Hamas a réaffirmé que le mouvement poursuivrait son objectif de lutte contre Israël, évoquant Jérusalem et la mosquée Al-Aqsa comme une « boussole stratégique ».

📌Une ligne politique, totalement assumée. 

#Hamas #Gaza #Israel #7octobre  #SWNews",Simon Weinberg,simonweinbergnews,https://www.instagram.com/p/DX6UXdACut2/,6,,9,2026-05-04T09:15:24.000Z,,Hamas,Gaza,Israel,7octobre,SWNews,,,,,,,,,,,,,,,,,,,,Instagram
"the beauty of God 🙏🌄

 #redcanyon #israel #fypシ #highlights #creation",Jade Anthony Molato,its_jadex972,https://www.instagram.com/p/DX6Ux1lDbtH/,0,,0,2026-05-04T09:14:19.000Z,,redcanyon,israel,fypシ,highlights,creation,,,,,,,,,,,,,,,,,,,,Instagram
Que la #paix règne sur ce monde #ainsisoitil ❤❤❤⚕️⚕️⚕️💎💎 #israel #palestine,giolignola2222,giolignola2222,https://www.instagram.com/p/DX6UqDsDXRG/,0,,0,2026-05-04T09:13:15.000Z,,paix,ainsisoitil,israel,palestine,,,,,,,,,,,,,,,,,,,,,Instagram
"Ein weiteres EU - Land Slowenien droht Nethanyahu mit Verhaftung! 

#deutschland #politik #bundesregierung #israel #gesellschaft",Carsten Winkler,carstenwinkler1170,https://www.instagram.com/p/DX6UQL_jflW/,10,,117,2026-05-04T09:12:08.000Z,,deutschland,politik,bundesregierung,israel,gesellschaft,,,,,,,,,,,,,,,,,,,,Instagram
"✈️ Zborurile Chișinău - Tel Aviv revin din 3 mai

SkyUp Airlines reia zborurile directe către Tel Aviv, cu 4 frecvențe pe săptămână.

Zile de operare:
luni, marți, joi și duminică

Tarife:
de la 115 €

Program orientativ al zborurilor:

Luni
Chișinău – Tel Aviv: 16:35 - 19:25
Tel Aviv – Chișinău: 20:25 - 23:10

Marți și duminică
Chișinău – Tel Aviv: 16:10 – 19:00
Tel Aviv – Chișinău: 20:00 – 20:55

Joi
Chișinău - Tel Aviv: 16:30 - 19:20
Tel Aviv - Chișinău: 20:20 - 23:15

🛡️ Siguranța pasagerilor rămâne prioritară. Compania monitorizează constant situația din regiune și operează conform recomandărilor oficiale ale autorităților aeronautice.

Pentru disponibilitate, zile exacte și rezervări, contactați agenții AirService.

📞 022 800 100
🌐 www.airservice.md
📍 Bd. Ștefan cel Mare 3
#AirService #TelAviv #ZboruriDirecte #Chisinau #Israel",AirService • Bilete de avion Chișinău,airservicemd,https://www.instagram.com/p/DX6UayXl0mT/,0,,6,2026-05-04T09:11:09.000Z,,AirService,TelAviv,ZboruriDirecte,Chisinau,Israel,,,,,,,,,,,,,,,,,,,,Instagram
"The first look of 🇮🇱Israel / Noam Bettan - ""Michelle""
.
.
.
#eurovision2026 #firstlook #israel #noambettan #UnitedByMusic",Eurovision Daily News,eurovision_daily_news,https://www.instagram.com/p/DX6UXgujBJN/,0,,4,2026-05-04T09:10:43.000Z,,eurovision2026,firstlook,israel,noambettan,UnitedByMusic,,,,,,,,,,,,,,,,,,,,Instagram
"🇮🇱 Israel’s first rehearsal pics at Eurovision 2026 have dropped, and Noam Bettan is keeping things sleek in an all-black look. For “Michelle”, a large diamond prop takes centre stage, while dancers in black and white outfits create a visual contrast around him.

📸 Corinne Cumming / EBU

#Eurovision #EurovisionRehearsals #ESC2026 #EurovisionSongContest #Israel",wiwibloggs,wiwibloggs,https://www.instagram.com/p/DX6UIVCjZSC/,31,,102,2026-05-04T09:08:37.000Z,,Eurovision,EurovisionRehearsals,ESC2026,EurovisionSongContest,Israel,,,,,,,,,,,,,,,,,,,,Instagram
"Images from Israel's first rehearsal have arrived.

#eurovision #esc2026 #esc #rehearsal #esc2026 #wien #vienna #Israel

Source: Eurovision Facebook",EurovisionCentral.com,eurovision.central,https://www.instagram.com/p/DX6UG4VFxpM/,0,,1,2026-05-04T09:08:25.000Z,,eurovision,esc2026,esc,rehearsal,wien,vienna,Israel,,,,,,,,,,,,,,,,,,Instagram
"Here's your first look at Israel's first rehearsal!🇮🇱 #Eurovision #esc2026 #Israel
🇮🇱 Noam Bettan Brings “The Diamond” to Eurovision Stage in One of the Most Ambitious Set Designs of the Year

Noam Bettan introduces one of the most visually dominant staging concepts of this year’s contest, unveiling a massive structure titled “The Diamond” as part of Israel’s performance. The installation is described as the largest stage prop of the current edition, immediately drawing attention with its scale and design.

Built around an infinity mirror concept, the structure creates layered reflections that multiply visual elements on stage, including repeated “Michelle” imagery that directly references the song’s official music video aesthetic. The effect gives the performance a fragmented, high-impact visual identity.

The act begins with Noam and a single dancer positioned inside the crystal-like structure, setting a tense and cinematic opening. As the song progresses, four additional dancers join the staging, expanding the movement and energy across the stage. Meanwhile, “The Diamond” remains a central visual anchor in the background, continuously enhancing the depth and intensity of the overall presentation.",EuroSongNews,eurosongnews,https://www.instagram.com/p/DX6T4BajK6h/,1,,13,2026-05-04T09:06:23.000Z,,Eurovision,esc2026,Israel,,,,,,,,,,,,,,,,,,,,,,Instagram
"غزہ میں جنگ بندی کے باوجود صورتحال بدستور کشیدہ ہے اور نئی جنگ کے خدشات ایک بار پھر سر اٹھانے لگے ہیں۔
رپورٹس کے مطابق Gaza میں جنگ بندی کے بعد بھی تشدد کا سلسلہ مکمل طور پر نہیں رک سکا۔ اب تک سیکڑوں فلسطینی جان کی بازی ہار چکے ہیں جبکہ مختلف علاقوں میں کارروائیاں جاری ہیں۔
اسرائیلی وزیرِ اعظم Benjamin Netanyahu نے اہم سیکیورٹی اجلاس منسوخ کر کے محدود مشاورت شروع کر دی ہے، جس سے یہ تاثر مل رہا ہے کہ حالات مزید بگڑ سکتے ہیں۔ فوجی ذرائع کا کہنا ہے کہ نئی جنگ کا امکان بڑھ رہا ہے۔
دوسری جانب اطلاعات ہیں کہ اسرائیلی فوج نے غزہ کے بڑے حصے پر اپنا کنٹرول مزید بڑھا لیا ہے، جس سے زمینی صورتحال اور پیچیدہ ہو گئی ہے۔
ادھر Egypt میں ثالثی کی کوششیں جاری ہیں، جہاں ایک امریکی حمایت یافتہ منصوبہ سامنے آیا ہے۔ اس منصوبے میں حماس سے مرحلہ وار ہتھیار ڈالنے کا مطالبہ کیا گیا ہے، تاہم فلسطینی گروہوں نے اسے مسترد کر دیا ہے۔
حماس کا مؤقف ہے کہ ہتھیار ڈالنے کا معاملہ آزاد فلسطینی ریاست کے قیام سے جڑا ہوا ہے اور انسانی امداد کو دباؤ کے طور پر استعمال نہیں کیا جانا چاہیے۔
ماہرین کے مطابق بڑھتی ہوئی کشیدگی کے پیچھے سیاسی عوامل بھی کارفرما ہو سکتے ہیں، جبکہ طویل جنگی صورتحال کے باعث اسرائیلی فوج کو بھی دباؤ اور تھکن کا سامنا ہے۔
غزہ میں جنگ بندی… مگر امن کہاں؟
کشیدگی برقرار، دھمکیاں تیز، اور حالات بدستور سنگین!

Nice News Chanel Provides Informatic News and Entertainment and Good Stories all over from Pakistan
Like | Subscribe | Share & Comment 
Keep Watching Nice News From Pakistan
Nice News 051
Email: nicenews051@gmail.com
Youtube channel: https://youtube.com/@nicenews051?si=2weQPS5E_xUe0t0F
نائس نیوز نیٹ ورک پاکستان
https://whatsapp.com/channel/0029Vb7VhhW1dAw5VgBv0D1n
https://www.facebook.com/share/1DnroVeUX4/
https://www.instagram.com/nicenews051?igsh=Nm1uODFkbnh1MnN3
https://www.tiktok.com/@nicenews051?_r=1&_t=ZS-932UpVwmnYL

Only Positive Image of Pakistan

#Gaza #Ceasefire #BreakingNews #Israel #Palestine MiddleEast WarUpdates HumanRights PeaceNeeded",Nice News Islamabad,nicenews051,https://www.instagram.com/p/DX6T1_TCIpe/,0,,0,2026-05-04T09:06:10.000Z,,Gaza,Ceasefire,BreakingNews,Israel,Palestine,,,,,,,,,,,,,,,,,,,,Instagram
"💾 מדריך הישרדות לפירות ים קפואים שאתם רוצים לשמור!

אז החלטתם לקנות פירות ים קפואים, אבל איך למען כל הקלמרי מכינים אותם ככה שגם תצא לכם ארוחה שווה?

👈 ריכזנו לכם כמה טיפים פשוטים שיהפכו את האירוע לחוויה קולינרית מושלמת.

🦑 קלמרי
איפה קל לטעות? זמן הבישול.
מה נכון לעשות: צריבה מהירה או טיגון לדקה או שתיים.

🦀 קינג קראב 
איפה קל לטעות? בישול ארוך מידי.
מה נכון לעשות: חימום עדין בלבד (הוא כבר מבושל!)
אידוי של 4-6 דקות או בתנור על 180 מעלות למשך 8-10 דקות.

🍤 שרימפס
איפה קל לטעות? בישול יתר.
מה נכון לעשות: בישול קצר מאוד של 2-4 דקות ולשים לב לצבע שלו. ברגע שהוא נהיה ורוד ואטום זה הזמן להפסיק את הבישול.

🐙 תמנון 
איפה קל לטעות? לפחד ממנו
מה נכון לעשות: בישול מקדים וצריבה יהפכו אותו לרך.
זמן הבישול תלוי בגודל שלו והוא נע בין 45-90 דקות בבישול או אפיה בחום נמוך ואז אפשר לצרוב במחבת או גריל. 

🦞 לובסטר 
איפה קל לטעות? בתהליך ההפשרה.
מה נכון לעשות: הפשרה איטית של לילה במקרר ובישול קצר במים או באידוי למשך 5-8 דקות. 

⭐ טיפ של אושן סטאר - מאכלי ים שעברו תהליך הקפאה מהירה שומרים על הטריות שלהם בדיוק כמו ברגע הדייג.

יש לכם עוד שאלות על מאכלי ים? 
אנחנו פה בשבילכם!

אושן סטאר - החריש 14, פארק תעשיות עמק חפר.
054-9966969

#seafood #food #israel #foodie #עמקחפר",Seafood & Caviar House - אושן סטאר,oceanstar_seafood,https://www.instagram.com/p/DX6ThGdgvaA/,0,,1,2026-05-04T09:06:00.000Z,,seafood,food,israel,foodie,עמקחפר,,,,,,,,,,,,,,,,,,,,Instagram
"🎥🤩 Gestern fanden die ersten Einzelproben für den ESC 2026 in der Wiener Stadthalle statt! Proben durften die ersten Acts des ersten Halbfinals.

🇮🇱 Hier sind erste visuelle Eindrücke der Probe von Israel. 

Wie gefallen dir die Probenbilder?

Mehr Infos natürlich auch auf ESCkompakt.de

#ESC2026 #wien #eurovision #proben #israel

📸: EBU",ESC kompakt,esc_kompakt,https://www.instagram.com/p/DX6TxHVjJ5x/,0,,17,2026-05-04T09:05:26.000Z,,ESC2026,wien,eurovision,proben,israel,,,,,,,,,,,,,,,,,,,,Instagram
"Il ministro degli Esteri israeliano esprime soddisfazione per la linea del governo Meloni: “L’Italia difende Israele dai tentativi dell’Ue di imporre sanzioni”.

#governo #meloni #israele #israel",TPI,tpi,https://www.instagram.com/p/DX6TwOxjQ1o/,85,,488,2026-05-04T09:05:19.000Z,,governo,meloni,israele,israel,,,,,,,,,,,,,,,,,,,,,Instagram
"Israel 🇮🇱 First Look! 📸 

#israel #eurovision2026 #firstlook",Eurovision Pulse,eurovision_pulse_,https://www.instagram.com/p/DX6TmiNjP-Z/,2,,-1,2026-05-04T09:04:00.000Z,,israel,eurovision2026,firstlook,,,,,,,,,,,,,,,,,,,,,,Instagram
"Israel 🇮🇱 | First Look 

#eurovision #israel 

📸 Corinne Cumming - Sarah Louise Bennett - Alma Bengtsson - EBU",EUROVISION NEWS,eurovision__news_,https://www.instagram.com/p/DX6Tc0jjO63/,48,,-1,2026-05-04T09:02:42.000Z,,eurovision,israel,,,,,,,,,,,,,,,,,,,,,,,Instagram
,Sharon,sharonkanneh_streetphotograph,https://www.instagram.com/p/DX6TZPhjFE6/,1,,1,2026-05-04T09:02:16.000Z,,,,,,,,,,,,,,,,,,,,,,,,,,Instagram
"The TRNC Foreign Minister Tahsin Ertuğruloğlu has warned that new alliances in the Eastern Mediterranean are not about stability - but targeting Türkiye and Turkish Cypriots.

He pointed to growing cooperation between the Greek Cypriot side and Israel, calling it a “dirty alliance” driven by long-standing ambitions against Türkiye.

France is now preparing to deploy around 1,500 troops to Southern Cyprus - following the SOFA agreement set to be signed in June - further militarising the island.

This follows expanding defence deals and increasing access for foreign forces in the South.

Ertuğruloğlu made it clear: the Cyprus issue is not about territory - it is a status issue. One side was rewarded after breaking the 1960 partnership, while Turkish Cypriots remain isolated.

He also praised Türkiye’s deployment of F-16s and air defence systems, calling it a clear guarantee that the TRNC will be protected.

🇹🇷 KKTC Dışişleri Bakanı Tahsin Ertuğruloğlu, Doğu Akdeniz’de kurulan ittifakların istikrar değil, Türkiye ve Kıbrıs Türklerini hedef aldığını vurguladı.

Rum tarafı ile İsrail arasındaki iş birliğini “kirli ittifak” olarak nitelendirdi.

Fransa’nın ise Haziran’da imzalanacak SOFA anlaşması sonrası Güney Kıbrıs’a yaklaşık 1.500 asker konuşlandırmaya hazırlandığı belirtiliyor.

Bu gelişmeler, artan savunma anlaşmaları ve yabancı askeri varlığın genişlemesinin devamı niteliğinde.

Ertuğruloğlu’na göre Kıbrıs meselesi bir toprak değil, statü sorunudur. 1960 ortaklığını bozan taraf ödüllendirilmiş, Kıbrıs Türkleri ise hâlâ izolasyona maruz kalmıştır.

Türkiye’nin gönderdiği F-16’lar ve hava savunma sistemleri ise KKTC’nin korunacağının açık göstergesidir.

#cyprus #france #israel #KKTC #türkiye",𝐘𝐨𝐮𝐧𝐠.𝐓𝐮𝐫𝐤𝐢𝐬𝐡.𝐂𝐲𝐩𝐫𝐢𝐨𝐭𝐬,young.turkish.cypriots,https://www.instagram.com/p/DX6TSFrgKVh/,10,,49,2026-05-04T09:02:02.000Z,,cyprus,france,israel,KKTC,türkiye,,,,,,,,,,,,,,,,,,,,Instagram
"#LinkInBio | ✈️🛡️ Military boost approved ⚙️💼 Israel clears a plan to buy F-35 and F-15I fighter jets from the US amid ongoing conflict with Iran 🚀📊👉 How do such defence deals shape regional stability?

#Israel #US #Defense #Military #WorldNews",The Economic Times,economictimes,https://www.instagram.com/p/DX6TOCbmvwL/,0,,45,2026-05-04T09:00:39.000Z,,LinkInBio,Israel,US,Defense,Military,WorldNews,,,,,,,,,,,,,,,,,,,Instagram
"BREAKING: Iran has officially launched a massive restoration project, reporting that 37,000 buildings damaged during the recent US-Israeli strikes are being repaired. This monumental effort covers everything from residential homes to critical infrastructure as the country tries to move forward from the conflict.

#Iran #Israel #USA #MiddleEast",Hoot Republic,hoot_republic,https://www.instagram.com/p/DX6TBY8EkVc/,0,,0,2026-05-04T08:58:58.000Z,,Iran,Israel,USA,MiddleEast,,,,,,,,,,,,,,,,,,,,,Instagram
"Israeli telecommunications infrastructure was used over the past three years to track people in over 10 countries, according to a new investigation

#israel",Anadolu English,anadoluagency,https://www.instagram.com/p/DX6SyAqCGfD/,0,,24,2026-05-04T08:56:49.000Z,,israel,,,,,,,,,,,,,,,,,,,,,,,,Instagram
"나는 최고의 삶을 살고 있어 😊
#usareels🇺🇸 #canada🇨🇦 #china🇨🇳 #singapore #israel",Byeol,byeol.0113,https://www.instagram.com/p/DX6SszzjcqB/,0,,0,2026-05-04T08:56:07.000Z,,usareels🇺🇸,canada🇨🇦,china🇨🇳,singapore,israel,,,,,,,,,,,,,,,,,,,,Instagram
"5 Things You Should Know Before Buying Property in Israel 🇮🇱

1. Investment 💸
Israel’s real estate market is strong long-term, and many international buyers choose to enter early.

2. Representation 👥
Don’t buy remotely without someone you trust on the ground.

3. Costs 📝
Know all the costs upfront - taxes, legal fees, agent fees, and more.

4. Location 📍
The right location means stronger demand and better future value.

5. Professional Guidance 🤵🏻✅
The right guidance saves time, energy , and costly mistakes.

Thinking about buying property in Israel? 
Send us a message 📩
#Cohenrealestate #Israel #jewish #investmant #realestate",COHEN REAL ESTATE🏠,cohen_realestate,https://www.instagram.com/p/DX6Qu13Da20/,1,,4,2026-05-04T08:55:11.000Z,,Cohenrealestate,Israel,jewish,investmant,realestate,,,,,,,,,,,,,,,,,,,,Instagram
"מחפשים עבודה באווירה הכי כיפית שיש? בואו להצטרף למשפחה שלנו ב""לחיות באהבה"" ולהיות חלק מהצוות הכי חם בבילו! 🐶✨

#hiring #work #pets #israel",לחיות באהבה חנות חיות ברחובות,pet_israel,https://www.instagram.com/p/DX6SgnODe2Y/,0,,0,2026-05-04T08:54:30.000Z,,hiring,work,pets,israel,,,,,,,,,,,,,,,,,,,,,Instagram
"Blessing of the weddings 🤍

A Saturday of message, strong prayer and renew of strength — & the start of a new week and our purpose for the Holy Spirit, the #FastOfDaniel 🙌🏻

Gathering together in a talk and special prayer with the African community ❤️

And our #Intellimen service 👊🏻 about having the success as a consequence 

#nation #israel",קהילת אוניברסל,kehilatuniversal,https://www.instagram.com/p/DX6JG18jVqm/,0,,55,2026-05-04T07:32:17.000Z,,FastOfDaniel,Intellimen,nation,israel,,,,,,,,,,,,,,,,,,,,,Instagram
