comment,ownerFullName,ownerUsername,url,commentsCount,firstComment,likesCount,time,queryTag,hashtags/0,hashtags/1,hashtags/2,hashtags/3,hashtags/4,hashtags/5,hashtags/6,hashtags/7,hashtags/8,hashtags/9,hashtags/10,hashtags/11,hashtags/12,hashtags/13,hashtags/14,hashtags/15,hashtags/16,hashtags/17,hashtags/18,hashtags/19,hashtags/20,,type
LPG Shortage ❌ Diet Coke Shortage ✅,,bhai_posting,https://www.instagram.com/p/DXXEZBTEwgB/,96,Fr,21813,2026-04-20T16:38:51.000Z,,,,,,,,,,,,,,,,,,,,,,,,Instagram
"BIG PRICE HIKE ALERT!
Commercial LPG cylinder prices have been hiked by ₹993 in the latest revision — a massive jump that will directly hit restaurants, dhabas, hotels, and small food businesses across India.
Meanwhile, domestic LPG cylinders remain unchanged, giving household consumers a temporary sigh of relief.
📊 What The Numbers Say:
• Commercial cylinder price up by ₹993
• Domestic cylinder — No change
• Businesses using bulk gas will feel the heat immediately
• Food & hospitality sector faces rising operational costs
This hike comes at a time when small businesses are already struggling with inflation and thin margins. For the average dhaba owner or street food vendor — this is a direct hit to the pocket.",indians ™️,whatindians,https://www.instagram.com/p/DXyn7PhkVUh/,0,,0,2026-05-01T09:28:19.000Z,,,,,,,,,,,,,,,,,,,,,,,,Instagram
"19-Kg Commercial LPG Cylinder Price Hiked By Rs 993, Domestic Rates Unchanged

👉 Delhi Rate Now At Rs 3,071.50

⚠️Disclaimer: This Post Is For Information And Educational Purposes Only. Based On Publicly Available Market Data And News Reports.

Follow @stockbullupdates For Daily SM News 🗞️ 

Please - Like | Share | Follow 

Disclaimer: This Post Is For Information And Educational Purposes. We Are Not SEBI Registered Financial Advisor. Please Consult Your Financial Advisor Before Making Any Finance Related Decisions.

Disclaimer: NO COPYRIGHT INFRINGEMENT INTENDED

We Do Not Own The Rights To This Video Or Photo Used In This Reel Or Post. All Credit Goes To The Original Creator. This Video Or Post Is Shared For Informational Purposes Only.

If You Are The Owner And Wish To Discuss This Content Please DM Or Mail Us.

FAIR USE: Copyright Disclaimer Under Section 107 Of The Copyright Act 1976. Allowance Is Made For “Fair Use” For Purposes Such As Criticism, Comment, News Reporting, Teaching, Scholarship Infringing. We Do Not Own All The Material.

[ LPG Cylinder, 19-Kg Commercial LPG Cylinder, Cylinder Prices Hiked Again, Commercial Cylinder Price Hiked By Rs 993, LPG, Cylinder ]

#CommercialLPGCylinder #LPG #Cylinder #Viral #StockMarket",Pratyush Kumar,stockbullupdates,https://www.instagram.com/p/DXx082IAa0U/,1,993 19kg pe mtlb 14.5kg wale pe 400 loura ka sarkar hi,-1,2026-05-01T02:03:54.000Z,,CommercialLPGCylinder,LPG,Cylinder,Viral,StockMarket,,,,,,,,,,,,,,,,,,Instagram
"Prices of commercial 19-kg LPG cylinders have been increased by ₹993, taking the price of a cylinder in #Delhi to ₹3,071.50. Retail prices of #petrol, #diesel and domestic LPG cylinders have been kept unchanged. 

Check the city-wise prices of 19-kg commercial LPG cylinder 

More on BusinessToday.in

#LPG #lpgcylinder #lpgpricehike #mumbai #kolkata #chennai #gurugram #noida #bengaluru #hyderabad",Business Today,business_today,https://www.instagram.com/p/DXyQJgHnddK/,60,Ekdm sahi kiya Modiji ne.........My full support to Modiji for this Masterstroke!,1850,2026-05-01T05:59:54.000Z,,Delhi,"petrol,",diesel,LPG,lpgcylinder,lpgpricehike,mumbai,kolkata,chennai,gurugram,noida,bengaluru,hyderabad,,,,,,,,,,Instagram
"The price of 19 kg commercial LPG cylinders has been increased by Rs 993 from today, leading to a new retail price of Rs 3,071.50 per cylinder. The revision comes into effect immediately and applies to commercial users across the country, affecting businesses that rely heavily on LPG for daily operations.

The sharp increase is expected to impact sectors such as hotels, restaurants, food delivery services, and small commercial establishments. Higher fuel costs may lead to increased operational expenses, which could eventually be passed on to consumers. Businesses dependent on bulk LPG consumption are likely to reassess their budgets following the latest revision in prices.

However, domestic LPG cylinder prices remain unchanged, providing relief to household consumers. The adjustment in commercial cylinder rates is part of periodic revisions linked to global fuel price movements and supply dynamics.

Don't forget to Follow @mewsinsta for latest news bites and updates ❤️",Mews.in,mewsinsta,https://www.instagram.com/p/DXyaakxjQYw/,97,😂,1969,2026-05-01T07:29:36.000Z,,,,,,,,,,,,,,,,,,,,,,,,Instagram
"🚨 BIG BREAKING NEWS 🚨

Commercial LPG users hit with a massive price shock! 💥

Starting today, the price of a 19 kg commercial gas cylinder has been increased by a steep ₹993 😳📈

👉 This hike directly impacts restaurants, hotels, and small businesses — and could soon reflect in food prices too 🍽️

🟢 Relief for households:
There is no change in domestic LPG cylinder prices as of now.

⚠️ Stay alert — this move could have a ripple effect on everyday expenses.

What do you think about this sudden hike? Fair or too much? Drop your thoughts below 👇🔥",The Loverspoint69,theloverspoint.69,https://www.instagram.com/p/DXyaM7iGaLd/,40,Sher Paala Hai Kro Ab Kharcha 😂😂 Jldi Domestic Wale Ka V Kahani Ayega,698,2026-05-01T07:27:45.000Z,,,,,,,,,,,,,,,,,,,,,,,,Instagram
"The price of 19 kg commercial LPG cylinders has seen a steep increase of Rs 993, pushing the cost to Rs 3,071.50 in Delhi from today, according to sources. Domestic LPG cylinder prices, however, remain unchanged, offering relief to household consumers. Meanwhile, aviation turbine fuel (ATF) prices have been kept steady, with state-owned oil companies choosing to absorb rising global fuel costs to shield airlines and passengers from additional financial strain.

#TheSentinel #LPG #ATF",The Sentinel,thesentineldigital,https://www.instagram.com/p/DXyG1rYGCdq/,0,,12,2026-05-01T04:38:33.000Z,,TheSentinel,LPG,ATF,,,,,,,,,,,,,,,,,,,,Instagram
"The price of a 19 kg commercial LPG cylinder has been raised by ₹993 with effect from May 1, marking a significant increase in cooking fuel costs for businesses. Following the hike, the price in Delhi now stands at ₹3,071.50, up from ₹2,078.50 earlier.
 
In Mumbai, commercial LPG cylinder prices have also surged, rising from ₹2,031 to ₹3,024. Meanwhile, prices of domestic LPG cylinders remain unchanged, according to news agency ANI.
 
This latest revision marks the third increase in the price of commercial LPG cylinders since February 28, when the Iran war began. Prices were first raised by ₹144 in March, followed by another hike of nearly ₹200 on April 1, before the steep increase announced now.

#lpg #westasiaconflict #lpgcylinder #lpgpricehike #cookinggas #india",Business Standard,business.standard,https://www.instagram.com/p/DXx5LCykatc/,19,Thoda jor se Jai Shree Ram bol denge aur kya 😂😂😂😂,249,2026-05-01T02:39:08.000Z,,lpg,westasiaconflict,lpgcylinder,lpgpricehike,cookinggas,india,,,,,,,,,,,,,,,,,Instagram
"Commercial LPG cylinder prices have been increased by Rs 993, with the revision coming into effect from May 1, just two days after the final phase of the five-state Assembly elections concluded in West Bengal on April 29. The price of a 19-kg commercial cylinder in Delhi now stands at Rs 3,071.50.

Domestic LPG prices and aviation turbine fuel (ATF) for local airlines remain unchanged. However, ATF prices for international carriers have been raised by 5 per cent, in line with global benchmarks. Retail prices of petrol and diesel have also been kept steady. 

The price revisions have largely been limited to commercial LPG, bulk diesel, and fuel for international airline operations, segments that account for a relatively smaller share of overall consumption.

Click on the 🔗 in our bio to read the full article.",The Indian Express,indianexpress,https://www.instagram.com/p/DXyhEg5DQwY/,18,"Election khatam, dharama khatam, apni jaib baroo😂😂😂",504,2026-05-01T08:27:46.000Z,,,,,,,,,,,,,,,,,,,,,,,,Instagram
"Donald Trump Vs LPG 🤣
.
.
#donaldtrump #gescylinder #LPG #funnyvideo #instgramreels",Lucky Laxmangarhiya,lucky_laxmangarhiya,https://www.instagram.com/p/DWIfpJTCW0Y/,4455,😂😂😂,431052,2026-03-21T04:30:12.000Z,,donaldtrump,gescylinder,LPG,funnyvideo,instgramreels,,,,,,,,,,,,,,,,,,Instagram
"[#LinkInBio] ⛽📈 Flame hits the wallet 🔥 The 19‑kg commercial LPG cylinder now costs ₹3,071.50 in Delhi after a steep ₹993 hike, squeezing restaurants and small businesses 💭 How will this price surge impact everyday operations and consumer costs?👇
 
#LPG #Economy #India #OilAndGas #Prices #Business #Inflation",The Economic Times,economictimes,https://www.instagram.com/p/DXx9Zz0kQSc/,83,Rupya gir rha hai mehngai badh rhi hai ab PM ki sakh kam nhi ho rhi …but they are busy with winning elections with the help of EC cbi ed ..curbing freedom of press and peoples rights,1019,2026-05-01T03:16:15.000Z,,LinkInBio],LPG,Economy,India,OilAndGas,Prices,Business,Inflation,,,,,,,,,,,,,,,Instagram
"Commercial LPG prices have seen a sharp hike from May 1, with the 19 kg commercial cylinder becoming costlier by ₹993.

After the latest revision, a 19 kg commercial LPG cylinder in Delhi will now cost ₹3,071.50. The price of the 5 kg Free Trade LPG cylinder has also been increased by ₹261 with immediate effect.

The hike applies to commercial and bulk LPG categories, which are mainly used by restaurants, hotels, bakeries, tea shops, caterers and small food businesses. This could raise operating costs for the food and hospitality sector, with some businesses likely to pass on part of the burden to customers.

However, there is no change in the price of the 14.2 kg domestic LPG cylinder used by households. Petrol, diesel and domestic cooking gas rates have also reportedly been kept unchanged for now.

The steep increase has already triggered political criticism, with Opposition leaders questioning the timing of the hike and warning that it may indirectly hit consumers through higher food and service prices.

#LPGPriceHike #CommercialLPG #FuelPrices #Inflation #BusinessNews",Exclusive Minds,theexclusiveminds,https://www.instagram.com/p/DXyUCkGDNAd/,4,Welcome to reality😢😢,565,2026-05-01T06:33:56.000Z,,LPGPriceHike,CommercialLPG,FuelPrices,Inflation,BusinessNews,,,,,,,,,,,,,,,,,,Instagram
"LPG prices across India: What you need to know! ⛽️💸

Check out the latest subsidized LPG cylinder prices across major cities in India. Stay informed and plan ahead! 🏠🔍

From Mumbai to Jaipur, see how prices compare in your city. 📊

Follow [@indiansinfinance] for more updates on economic trends, cost of living, and financial planning! 💰📈

#IndiansInFinance #LPGPrices #CostOfLiving #IndianEconomy #PriceTrends

[Price Comparison, Economic Insights, Cost of Living, Financial Updates, India News]",Indians In Finance,indiansinfinance,https://www.instagram.com/p/DV3x5QRAj16/,25,"LPG crisis is a reminder of both dependency and its environmental impact 🌍
Solutions like HyCooker’s hydrogen-based system are already enabling efficient, large-scale cooking without LPG.
 HyCooker: ⚡ 3x faster With cooking 🔁 3x longer usage 🌱 Eco-friendly solution
This shift isn’t optional anymore — it’s becoming necessary.
Enquire Now for Demo!!!
🌱 1. Zero Carbon Emissions
🌍 2. Reduces Air Pollution
♻️ 3. Supports Sustainable Energy
🌿 4. Future-Ready Green Kitchens

Contact us: +91 99671 18412",-1,2026-03-14T16:28:18.000Z,,IndiansInFinance,LPGPrices,CostOfLiving,IndianEconomy,PriceTrends,,,,,,,,,,,,,,,,,,Instagram
"Gas Cylinder Booking Numbers You Should Save Right Now

Running out of LPG at home? Don’t wait in long queues or search everywhere. Just save these important numbers and book your cylinder in seconds. 📞
.
.
Follow @onevisionmedia.in for new updates and knowledge.
.
.
#lpgcylinder #gasbooking #cylinderbooking #cylindershortage",Onevision Media,onevisionmedia.in,https://www.instagram.com/p/DV0JxQYAXP2/,405,"LPG crisis is a reminder of both dependency and its environmental impact 🌍
Solutions like HyCooker’s hydrogen-based system are already enabling efficient, large-scale cooking without LPG.
 HyCooker: ⚡ 3x faster With cooking 🔁 3x longer usage 🌱 Eco-friendly solution
This shift isn’t optional anymore — it’s becoming necessary.
Enquire Now for Demo!!!
🌱 1. Zero Carbon Emissions
🌍 2. Reduces Air Pollution
♻️ 3. Supports Sustainable Energy
🌿 4. Future-Ready Green Kitchens

Contact us: +91 99671 18412",109893,2026-03-13T06:39:55.000Z,,lpgcylinder,gasbooking,cylinderbooking,cylindershortage,,,,,,,,,,,,,,,,,,,Instagram
"Technologia 💯

#lpg #cylinder #lpgcylinder #sarcasm #fyp",Himank Vasudeva,vasudevahimank,https://www.instagram.com/p/DVztRo0SybB/,3180,Bhai png lga toh huaaa h,387900,2026-03-13T02:30:00.000Z,,lpg,cylinder,lpgcylinder,sarcasm,fyp,,,,,,,,,,,,,,,,,,Instagram
"""Watch how LPG cylinders are tested under extreme pressure.""

Safety is the absolute priority when dealing with highly pressurized gas, which is why every LPG cylinder undergoes a grueling series of stress tests before it ever reaches your kitchen. Manufacturers subject these steel containers to a hydrostatic pressure test, filling them with water at forces far exceeding their normal operating capacity to ensure the structural integrity of the metal. Engineers monitor the vessel for any signs of bulging, cracking, or catastrophic failure to guarantee it can handle the volatile contents safely. If a cylinder shows even the slightest deviation or weakness, it is immediately decommissioned and sent to be recycled. This rigorous quality control process is the invisible shield that prevents accidents and keeps homes around the world secure. It is a fascinating, high-stakes look at the industrial standards that govern the objects we often take for granted.

#Engineering #SafetyTesting #Manufacturing #LPG #ScienceExplained",Mindblown Lab,nexoscience,https://www.instagram.com/p/DVyDxOaDY8-/,31,"Hi @anjali_yadav43218 , please respond in inbox",15198,2026-03-12T11:10:12.000Z,,Engineering,SafetyTesting,Manufacturing,LPG,ScienceExplained,,,,,,,,,,,,,,,,,,Instagram
"Water Inside LPG Cylinder? Here’s Why

Ever wondered why LPG cylinders are sometimes filled with water instead of gas? This process is called hydrostatic testing, used to check the cylinder’s strength and pressure tolerance. During this test, water is filled inside and pressure is increased beyond normal limits to detect any leaks or weaknesses. If the cylinder slightly expands, it’s still monitored for safety. But if it fails the test, it is immediately discarded as scrap to prevent any future accidents. This ensures that only safe cylinders reach consumers.

#lpgcylinder #sciencefacts #hydrostatictest #safetyfirst #amazingfacts engineering

Disclaimer:
This video is for educational purposes only. Do not attempt to test or handle LPG cylinders yourself, as it involves high pressure and can be dangerous. Always rely on certified professionals for such procedures.",Fact Cus,fact_cus,https://www.instagram.com/p/DWDsXm0BaT3/,435,😮😮😮😮😮😮😮🔥🔥🔥🔥🔥🔥🔥👏👏👏👏👏👏😂😂😂,110164,2026-03-19T07:30:11.000Z,,lpgcylinder,sciencefacts,hydrostatictest,safetyfirst,amazingfacts,,,,,,,,,,,,,,,,,,Instagram
"New favorite thing in India😂

[ India, Rupees, LPG, Funny, Meme ]",Rupees,rupees,https://www.instagram.com/p/DV1SFawiOJm/,32,😂,8050,2026-03-13T17:12:29.000Z,,,,,,,,,,,,,,,,,,,,,,,,Instagram
"19 kg commercial LPG ₹cylinder price hiked by ₹993, effective May 1

#Delhi price rises to ₹3,071.50 from *2,078.50

#Mumbai price jumps to ₹3,024 from *2,031

Domestic #LPG cylinder prices remain unchanged

#indianstockmarket468",Penny Stocks | Dividend Stocks,indian_stock_market468,https://www.instagram.com/p/DXyGkUwD9D5/,1,jo maha manav pkode tlne ko rojgar kahta tha ab unki kmai bhi nhi dekhi ja rhi,-1,2026-05-01T04:36:10.000Z,,Delhi,Mumbai,LPG,indianstockmarket468,,,,,,,,,,,,,,,,,,,Instagram
"This is just a trailer😳
 #LPGPriceHike",★Indian,_we_the_people_of_india,https://www.instagram.com/p/DXyj5pFDAQU/,0,,26,2026-05-01T08:52:32.000Z,,LPGPriceHike,,,,,,,,,,,,,,,,,,,,,,Instagram
"Commercial LPG prices have surged across India, with rates reportedly reaching around ₹993, increasing pressure on restaurants and small businesses. Rising fuel costs are expected to impact operations and consumer prices nationwide.

Follow us to stay informed and updated❗
.
.
#IndiaNews #Viral #Trending #LPGPriceHike #BusinessNews",Research In and Out,researchinandout,https://www.instagram.com/p/DXymBkSD1OV/,2,❤️Story dekho❤️,-1,2026-05-01T09:11:05.000Z,,IndiaNews,Viral,Trending,LPGPriceHike,BusinessNews,,,,,,,,,,,,,,,,,,Instagram
"चुनाव खत्म होते ही आम लोगों पर महंगाई का एक और “तगड़ा सरप्राइज” आ गया है। देशभर में 1 मई से कॉमर्शियल एलपीजी सिलेंडर के दाम में करीब 1000 रुपये की भारी बढ़ोतरी दर्ज की गई है, जिसके बाद इसकी कीमत 3000 रुपये के पार पहुंच गई है। बताया जा रहा है कि इसका असर सीधे-सीधे होटल, रेस्टोरेंट और छोटे कारोबारियों पर पड़ेगा, और अंततः इसका बोझ आम जनता की जेब पर ही आएगा।

इस बढ़ोतरी के पीछे अंतरराष्ट्रीय हालात को बड़ी वजह बताया जा रहा है। खासतौर पर से जुड़े तनाव और वैश्विक सप्लाई चेन में आई रुकावटों का असर अब भारत में भी दिखने लगा है। पहले से ही ऊर्जा बाजार में अस्थिरता बनी हुई थी, और अब इस अचानक बढ़ोतरी ने कारोबारियों की चिंता और बढ़ा दी है।

गौर करने वाली बात यह है कि यह बढ़ोतरी कॉमर्शियल सिलेंडर पर हुई है, जिसका इस्तेमाल बड़े पैमाने पर फूड इंडस्ट्री में होता है। ऐसे में आने वाले दिनों में बाहर खाना खाना महंगा हो सकता है, क्योंकि होटल और ढाबा संचालक बढ़ी हुई लागत को ग्राहकों तक ट्रांसफर कर सकते हैं।

अब सवाल वही पुराना है—क्या यह बढ़ोतरी अस्थायी है या आने वाले समय में राहत मिलने की उम्मीद कम है? फिलहाल तो हालात यही संकेत दे रहे हैं कि महंगाई का दबाव अभी और बना रह सकता है, और इसका असर धीरे-धीरे हर घर तक पहुंच सकता है।

#LPGPriceHike #Inflation #BreakingNews #IndiaNews #GasCylinder PriceRise EconomicImpact IranCrisis CommonMan BusinessImpact",Country Connect News,countryconnectnews,https://www.instagram.com/p/DXxzZhWEaEW/,0,,3,2026-05-01T01:48:40.000Z,,LPGPriceHike,Inflation,BreakingNews,IndiaNews,GasCylinder,,,,,,,,,,,,,,,,,,Instagram
"Commercial LPG cylinder prices have surged by ₹1,518 in just four months, with the steepest hike of ₹993 recorded on May 1. The sharp rise highlights mounting cost pressures for businesses relying on bulk fuel.
.
Follow [@onevisionmedia.in ] to stay informed and updated❗
.
#Onevisionmedia #lpgprices #inflation #fuelcost #indiaeconomy

[LPG price hike, commercial cylinders, inflation impact, fuel prices, India economy]

𝘋𝘪𝘴𝘤𝘭𝘢𝘪𝘮𝘦𝘳:
𝘛𝘩𝘦 𝘳𝘦𝘱𝘳𝘰𝘥𝘶𝘤𝘦𝘥 𝘷𝘪𝘥𝘦𝘰 𝘰𝘳 𝘱𝘩𝘰𝘵𝘰 𝘤𝘰𝘯𝘵𝘦𝘯𝘵 𝘪𝘴 𝘶𝘴𝘦𝘥 𝘶𝘯𝘥𝘦𝘳 𝘵𝘩𝘦 𝘧𝘢𝘪𝘳 𝘥𝘦𝘢𝘭𝘪𝘯𝘨 𝘱𝘳𝘰𝘷𝘪𝘴𝘪𝘰𝘯𝘴 𝘰𝘧 𝘚𝘦𝘤𝘵𝘪𝘰𝘯 52(1)(B) 𝘰𝘧 𝘵𝘩𝘦 𝘐𝘯𝘥𝘪𝘢𝘯 𝘊𝘰𝘱𝘺𝘳𝘪𝘨𝘩𝘵 𝘈𝘤𝘵, 1957, 𝘸𝘩𝘪𝘤𝘩 𝘱𝘦𝘳𝘮𝘪𝘵𝘴 𝘵𝘩𝘦 𝘶𝘴𝘦 𝘰𝘧 𝘤𝘰𝘱𝘺𝘳𝘪𝘨𝘩𝘵𝘦𝘥 𝘮𝘢𝘵𝘦𝘳𝘪𝘢𝘭 𝘧𝘰𝘳 𝘵𝘩𝘦 𝘱𝘶𝘳𝘱𝘰𝘴𝘦 𝘰𝘧 𝘳𝘦𝘱𝘰𝘳𝘵𝘪𝘯𝘨 𝘤𝘶𝘳𝘳𝘦𝘯𝘵 𝘦𝘷𝘦𝘯𝘵𝘴, 𝘵𝘦𝘢𝘤𝘩𝘪𝘯𝘨, 𝘳𝘦𝘴𝘦𝘢𝘳𝘤𝘩 𝘢𝘯𝘥 𝘯𝘦𝘸𝘴. 𝘖𝘶𝘳 𝘴𝘰𝘭𝘦 𝘰𝘣𝘫𝘦𝘤𝘵𝘪𝘷𝘦 𝘪𝘴 𝘵𝘰 𝘪𝘯𝘧𝘰𝘳𝘮 𝘵𝘩𝘦 𝘱𝘶𝘣𝘭𝘪𝘤, 𝘯𝘰𝘵 𝘵𝘰 𝘦𝘹𝘱𝘭𝘰𝘪𝘵 𝘵𝘩𝘦 𝘤𝘳𝘦𝘢𝘵𝘰𝘳’𝘴 𝘪𝘥𝘦𝘯𝘵𝘪𝘵𝘺 𝘰𝘳 𝘤𝘰𝘯𝘵𝘦𝘯𝘵. 𝘞𝘦 𝘥𝘰 𝘯𝘰𝘵 𝘤𝘭𝘢𝘪𝘮 𝘰𝘸𝘯𝘦𝘳𝘴𝘩𝘪𝘱 𝘰𝘧 𝘵𝘩𝘦 𝘮𝘢𝘵𝘦𝘳𝘪𝘢𝘭, 𝘧𝘶𝘭𝘭 𝘤𝘳𝘦𝘥𝘪𝘵 𝘪𝘴 𝘢𝘵𝘵𝘳𝘪𝘣𝘶𝘵𝘦𝘥 𝘵𝘰 𝘵𝘩𝘦 𝘰𝘳𝘪𝘨𝘪𝘯𝘢𝘭 𝘤𝘳𝘦𝘢𝘵𝘰𝘳 𝘰𝘳 𝘢𝘳𝘵𝘪𝘴t",Onevision Media,onevisionmedia.in,https://www.instagram.com/p/DXydzTFgaRw/,16,Modi jindabad,-1,2026-05-01T07:59:14.000Z,,Onevisionmedia,lpgprices,inflation,fuelcost,indiaeconomy,,,,,,,,,,,,,,,,,,Instagram
"🚨 BREAKING OR CALCULATED MOVE? 🚨

₹993 hike… in one shot! 💥
Commercial cylinders up, but domestic prices “unchanged”? 🤔

Look at the timing ⏳
Silence when it mattered…
And suddenly — PRICE SURGE! 📈

Is this policy… or perfectly timed strategy?
Relief for headlines, pressure on businesses?

The real question 👇
👉 Are decisions made for people… or for timing?

💬 Drop your opinion — fair move or smart game?

—
⚠️ Stay alert. Numbers never lie.

#BreakingNews #LPGPriceHike #Inflation #IndiaNews #EconomicNews",Investing | Trading | Stock market,stockmarket_boss,https://www.instagram.com/p/DXygVEvE4dD/,5,Yahi agar logon ko samajh me aa jayein to baat hi kya he... Is tarah ke saare kaam election ke baad hi kiye jate he... Ab ukhad lo jo ukhadna he,164,2026-05-01T08:22:26.000Z,,BreakingNews,LPGPriceHike,Inflation,IndiaNews,EconomicNews,,,,,,,,,,,,,,,,,,Instagram
"Absolute Masterstroke 👏
.
.
#lpgpricehike #lifestyle",The Satirical Society,satirical_society,https://www.instagram.com/p/DXyZYF1EaWi/,47,only Nehru & Congress are responsible for price hike - bhakthas,1207,2026-05-01T07:20:33.000Z,,lpgpricehike,lifestyle,,,,,,,,,,,,,,,,,,,,,Instagram
"LPG Price Hike: Modi 😂 Roasts Trump & Khamenei #treanding #politicalhumor #viralshorts

In this hilarious episode of political satire, Narendra Modi is seen roasting Donald Trump and Ali Khamenei over the recent LPG price hike, leaving the audience in stitches. The epic roast is a must-watch for fans of stand-up comedy and political humor. With the Iran Israel conflict and global politics making headlines, this video provides a much-needed break from the serious news. Modi's comedy skills are on full display as he takes on Trump and Khamenei, making it a viral shorts video that you won't want to miss. The fuel price and gas price hike have been a major concern for many, but Modi's roast of Trump and Khamenei is the perfect way to laugh away your worries. As the PM of India, Modi's take on the current affairs and daily news is both informative and entertaining. So, if you're looking for a dose of comedy news and satire, this video is for you. With its unique blend of political comedy and humor, it's no wonder that this video is trending and making waves in the world of political humor. So, sit back, relax, and enjoy the roast of Trump and Khamenei by Modi, and don't forget to stay updated with the latest news and current affairs from India and around the world.

#politicalsatire #modiroast donaldtrump alikhamenei lpgpricehike fuelpricehike gasprice politicalcomedy funnyshorts ytshorts viralshorts globalpolitics currentaffairs comedyskit satirevideo

Disclaimer 

This video is a work of AI-generated political satire. All voices, visuals, characters, and scenarios are entirely AI-generated and created only for entertainment purposes. There is no intention to hurt, defame, or disrespect any political leader, individual, community, or political party. All characters appearing in this content are fictional representations, and any resemblance to real persons is purely coincidental. This satire does not claim to represent real events, real statements, or political positions. Viewer discretion is advised.",Kedar’s Political Adda,polliticaladda,https://www.instagram.com/p/DVlt5YukfPA/,3,Don't Fuel My Car . Mp3,68,2026-03-07T16:08:57.000Z,,treanding,politicalhumor,viralshorts,politicalsatire,modiroast,,,,,,,,,,,,,,,,,,Instagram
"Oil marketing companies announce a significant ₹993 price increase for 19-kg commercial LPG cylinders, effective May 1, 2026. 

#LPGPriceHike #GasCrisis #BusinessNewsIndia #FuelPriceHike #CommercialLPG #IndiaEconomy 

[LPG price hike May 2026, commercial cylinder ₹993 increase, Delhi LPG rates, business gas prices India, domestic LPG unchanged]",India Today,indiatoday,https://www.instagram.com/p/DXx1b0DCAnC/,61,Thank you ❤️❤️❤️for your votes 😂😂😂,2233,2026-05-01T02:06:28.000Z,,LPGPriceHike,GasCrisis,BusinessNewsIndia,FuelPriceHike,CommercialLPG,IndiaEconomy,,,,,,,,,,,,,,,,,Instagram
"कमर्शियल गैस सिलेंडर की कीमत आज, 1 मई से बढ़ गई है. इसका सीधा असर होटल और रेस्टोरेंट संचालकों पर देखने को मिलेगा. घरेलू गैस की कीमतों पर कोई परिवर्तन नहीं किया है. कमर्शियल गैस में यह अब तक की सबसे बड़ी बढ़ोत्तरी है. 

 #commerciallpgcylinder #lpg #gascylinderprice #CommercialCylinder #lpgpricehike #news #vistaarnews",Vistaar News,vistaarnewsofficial,https://www.instagram.com/p/DXyC41JkzJF/,56,Hum to 50000 ka lige,1127,2026-05-01T04:04:01.000Z,,commerciallpgcylinder,lpg,gascylinderprice,CommercialCylinder,lpgpricehike,news,vistaarnews,,,,,,,,,,,,,,,,Instagram
"The price of commercial LPG has been increased by ₹993 per 19-kg cylinder across India, marking the third straight monthly hike amid rising global energy costs linked to geopolitical tensions in West Asia.

In Delhi, the revised price of a 19-kg commercial cylinder now stands at ₹3,071.5, up from ₹2,078.50 earlier. The increase is expected to impact hotels, restaurants, and small businesses that rely heavily on commercial LPG for daily operations.

The repeated price revisions have sparked concern among industry stakeholders, who say the rising input costs could eventually be passed on to consumers.

[lpg price hike, commercial lpg india, lpg cylinder price, gas price increase india, delhi lpg rates, 19 kg cylinder price, hospitality cost rise, fuel inflation india, west asia conflict impact, energy price hike, restaurant cost increase, india news lpg, commercial gas rates, inflation india]",The Ultimate Trolls,the_ultimate_trolls_,https://www.instagram.com/p/DXyiZ5tGWWi/,9,There is world War goung on but we have to praises govt for making normal home cylinder stable price,411,2026-05-01T08:39:25.000Z,,,,,,,,,,,,,,,,,,,,,,,,Instagram
"LPG Price Hike: चुनाव के बाद LPG कमर्शियल सिलेंडर ₹3000 के पार

एलपीजी कमर्शियल सिलेंडर की कीमतों में बड़ी बढ़ोतरी ने बाजार में हलचल बढ़ा दी है. इस फैसले का असर सीधे होटल, रेस्टोरेंट और फूड इंडस्ट्री पर पड़ेगा, जिससे खाने-पीने की चीजें महंगी हो सकती हैं. हालांकि घरेलू गैस के दाम स्थिर रखे गए हैं, लेकिन अंतरराष्ट्रीय हालात और सप्लाई दबाव के चलते आगे कीमतों में बदलाव की आशंका बनी हुई है.

#LPGHike #CommercialCylinder #Delhi #ATDigital",Aaj Tak,aajtak,https://www.instagram.com/p/DXyJdl2D1_Y/,139,Fir bhi rehadi wale gharelu Gas ka upyog karte Hain unke upar bhi kaarvayi honi chahie,9195,2026-05-01T05:01:58.000Z,,LPGHike,CommercialCylinder,Delhi,ATDigital,,,,,,,,,,,,,,,,,,,Instagram
"Commercial LPG cylinder prices have been revised upwards steeply, effective Friday, adding to costs for businesses in the food and hospitality sectors, while domestic LPG prices remain unchanged for households. According to sources, the price of a 19 kg commercial LPG cylinder has been increased by Rs 993, taking the cost in Delhi to Rs 3,071.50 from today. The 5 kg FTL (Free Trade LPG) cylinder has also been hiked by Rs 261 per cylinder with immediate effect.

There has been no change in the price of the 14.2 kg domestic LPG cylinder, which continues to be used by around 33 crore households across the country. The revision applies only to commercial and bulk LPG categories, which together account for a small share of overall LPG consumption in India. Domestic LPG, which is subsidised and widely used for cooking, has been kept out of the latest price adjustment.

#LPGPriceHike #CommercialLPG #BusinessCosts #HospitalitySector #i̇ndianews",India Byte,india.byte,https://www.instagram.com/p/DXyPIajlOuP/,26,Congratulations ❤️.,-1,2026-05-01T05:51:00.000Z,,LPGPriceHike,CommercialLPG,BusinessCosts,HospitalitySector,i̇ndianews,,,,,,,,,,,,,,,,,,Instagram
"🚨 LPG Price Update 

Commercial LPG cylinder prices have increased significantly, with a ₹993 jump taking the 19 KG cylinder price to ₹3,071.50 in Delhi. 

This change mainly impacts businesses like restaurants and small vendors, while domestic cylinder prices remain unchanged for now. 

👉 What do you think about this price hike? Let me know in the comments. 

— 

Disclaimer: This post is for informational purposes only. Data is based on publicly available news reports. It does not intend to promote, criticize, or target any individual, government, or political group. 

#LPGPrice #GasCylinder #PriceHike #BreakingNews #indianews",Santosh | Finance,the.financial.info,https://www.instagram.com/p/DXyazGykRq9/,12,Since war has started we are payment 3500 per cylinder nothing new,332,2026-05-01T07:33:26.000Z,,LPGPrice,GasCylinder,PriceHike,BreakingNews,indianews,,,,,,,,,,,,,,,,,,Instagram
"LPG price increased in Pakistan. 

#LPG #LPGPriceHike #LPGPrice #lpgcylinder #olxpakistan",OLX Pakistan,olx.pakistan,https://www.instagram.com/p/DWlU8tWjSHk/,7,5000+ rate on lpg plants.,47,2026-04-01T09:00:19.000Z,,LPG,LPGPriceHike,LPGPrice,lpgcylinder,olxpakistan,,,,,,,,,,,,,,,,,,Instagram
LPG price pe hike toh sirf Imarti Irony hi Bol sakti hai!,Shamita yadav,the.ranting.gola,https://www.instagram.com/p/DVxiqxjiGdj/,6202,Tera gand to kisi jihadi ne maar di kya re randy,248522,2026-03-12T06:22:28.000Z,,,,,,,,,,,,,,,,,,,,,,,,Instagram
"𝐈𝐧𝐝𝐢𝐚'𝐬 𝐟𝐮𝐞𝐥 𝐬𝐮𝐩𝐩𝐥𝐲 𝐢𝐬 𝐬𝐭𝐚𝐛𝐥𝐞. Here's what the government wants you to know.

The Ministry of Petroleum and Natural Gas has reviewed LPG supply across all States and UTs, directing strict action against hoarding and diversion, and urging citizens to avoid panic buying.

Read the full story: https://etedge-insights.com/industry/oil-gas/centre-to-states-crack-down-on-lpg-hoarding-ensure-supply-stability/

#ETEdgeInsights #OilAndGas #LPGSupply #FuelStability #Governance #EnergySecurity #ConsumerProtection",ET Edge Insights,etedgeinsights,https://www.instagram.com/p/DWqbFvnjkIP/,0,,2,2026-04-03T08:30:11.000Z,,ETEdgeInsights,OilAndGas,LPGSupply,FuelStability,Governance,EnergySecurity,ConsumerProtection,,,,,,,,,,,,,,,,Instagram
"There is significant confusion regarding LPG (cooking gas) rule changes. While several reports and social media posts have claimed new restrictions will take effect on May 1, 2026, the Ministry of Petroleum and Natural Gas has officially clarified that no changes have been made to refill booking timelines. 

Official Booking & Delivery Rules (Current)

The government has dismissed viral claims of a new 35-day waiting period, reiterating that the existing system remains in place: 

Booking Gap: The mandatory interval between two refill bookings continues to be 25 days in urban areas and 45 days in rural areas.

Connection Types: These timelines apply to all domestic connections, including single-cylinder, double-cylinder, and Pradhan Mantri Ujjwala Yojana (PMUY) beneficiaries.

OTP Verification: The Delivery Authentication Code (DAC) system is now mandatory. You must share the OTP received on your registered mobile number with the delivery personnel to receive your cylinder.

Annual Limit: Households are generally eligible for up to 12 subsidised cylinders per financial year. 

New ""PNG"" Rule (Order issued March 2026)

One major policy change that has been officially introduced involves households in areas with existing Piped Natural Gas (PNG) infrastructure: 

LPG Disconnection: Households must switch to a PNG connection where connectivity is available.

Timeline: LPG supply to such households may be discontinued 3 months after receiving a notice from the gas company.

Exemption: If a PNG connection is technically infeasible, a ""No Objection Certificate"" (NOC) must be obtained to continue LPG supply.
.
.
#dibrugarh
#assam #northeastindia #news #lpg",Iconic Dibrugarh,iconicdibrugarh,https://www.instagram.com/p/DXcZso7D8he/,0,,-1,2026-04-22T18:20:12.000Z,,dibrugarh,assam,northeastindia,news,lpg,,,,,,,,,,,,,,,,,,Instagram
"Global energy supply chains are more fragile than we think.
When LPG supply is disrupted due to geopolitical conflicts or logistics challenges, millions of households are left vulnerable.
Building resilient cooking energy systems is no longer optional.
Locally sourced fuels like biomass pellets offer a reliable and sustainable alternative.
At Ecosense Appliances, we believe the future of clean cooking lies in energy independence, local resources, and resilient technologies.
#CleanCooking #EnergyResilience #BiomassPellets #SustainableEnergy #EcosenseAppliances
@kokilketaki",Ecosense Appliances,ecosenseappliances,https://www.instagram.com/p/DVtRgx1Emxi/,0,,1,2026-03-10T14:32:55.000Z,,CleanCooking,EnergyResilience,BiomassPellets,SustainableEnergy,EcosenseAppliances,,,,,,,,,,,,,,,,,,Instagram
"A reliable #LPG supply can make all the difference for homes and businesses. With #Gaspoint dealership, you’re not just starting a business, you’re building a steady income stream that people depend on every day. If you’ve been thinking about a practical business opportunity, this is a solid one to consider.

#Gaspoint #LPGDealership #BusinessOpportunity #StartupIndia #EntrepreneurLife #SmallBusinessIndia #FuelBusiness #EnergySolutions #RetailBusiness #IndiaBusiness #MakeInIndia #LocalBusiness #BusinessGrowth #DailyNeeds #SupplyChain #CommercialBusiness #HospitalityIndustry #KitchenSolutions #B2BBusiness #IncomeOpportunity",GasPoint,gaspoint_,https://www.instagram.com/p/DW1ClDNFjEH/,0,,11,2026-04-07T11:27:39.000Z,,LPG,Gaspoint,LPGDealership,BusinessOpportunity,StartupIndia,EntrepreneurLife,SmallBusinessIndia,FuelBusiness,EnergySolutions,RetailBusiness,IndiaBusiness,MakeInIndia,LocalBusiness,BusinessGrowth,DailyNeeds,SupplyChain,CommercialBusiness,HospitalityIndustry,KitchenSolutions,B2BBusiness,IncomeOpportunity,,Instagram
"LPG supply across the country remains stable and well supported by strong domestic production and secured imports. Following recent measures, domestic refinery production has increased by 40%, raising daily LPG output to 50 TMT, which now meets over 60% of India’s total requirement of around 80 TMT. This increase in domestic availability has reduced the net daily import requirement to approximately 30 TMT, strengthening overall supply resilience.

In addition to domestic production, 800 TMT of inbound LPG cargoes have already been secured and are en route from multiple global sources, arriving across 22 LPG import terminals nationwide. This ensures nearly one full month of firm supply, with additional procurement being continuously planned to maintain steady availability.

Oil companies, including BPCL, continue to deliver over 50 lakh LPG cylinders every day. Earlier, panic ordering had temporarily increased demand to 89 lakh cylinders, but it has now normalised back to around 50 lakh cylinders per day, reflecting stable distribution. Commercial cylinder allocation has also been increased to 50%, in coordination with state authorities, to prevent hoarding and ensure balanced supply.

BPCL, through its BharatGas network, is actively supporting this robust supply chain by ensuring continuous replenishment of distributors and timely deliveries to households. There is no LPG shortage, and supplies remain reliable across regions. Customers are encouraged to avoid panic booking and continue with normal consumption patterns, while relying only on official updates.

@hardeepspuri @ministry_of_png @bpclimited 

#BPCL #BharatGas #LPGSupply #EnergyForHomes #StayCalmIndia #ReliableEnergy #EnergyForIndia #NoPanic",BPCLLPG,bpcllpg,https://www.instagram.com/p/DWggFnfDYF9/,3,❤️❤️❤️❤️,105,2026-03-30T12:01:27.000Z,,BPCL,BharatGas,LPGSupply,EnergyForHomes,StayCalmIndia,ReliableEnergy,EnergyForIndia,NoPanic,,,,,,,,,,,,,,,Instagram
"Important LPG helpline numbers. As concerns around LPG supply grow, consumers can book refills or seek assistance through official helplines of Bharat Gas, Indane Gas, and HP Gas. These services help ensure quicker access and support for households across India.

.
.
Follow @upscalerts for such informative updates
.

#lpggas #indiangas #publicservice #consumerhelp #indiaupdates",UPSC Alerts,upscalerts,https://www.instagram.com/p/DV04wy9Avss/,7,Sab farzi hai,726,2026-03-13T13:30:36.000Z,,lpggas,indiangas,publicservice,consumerhelp,indiaupdates,,,,,,,,,,,,,,,,,,Instagram
"Dear Valued Customers,
Due to the current global situation affecting fuel supply chains, there is a shortage of LPG Supply. As a result, we will be operating with a limited menu temporarily.
We request your kind understanding and continued support while we manage this situation.

#shortageoflpgsupply #krishnaskitchen #kk 
#lpgsupply",Krishna's Kitchen,krishnaskitchenofficial,https://www.instagram.com/p/DVvTw6yktrh/,1,"This is a strong way to look at the problem.

The issue is not just LPG shortage, it is the lack of system level thinking in kitchen design. Most kitchens are built for output, not for failure scenarios.

That is where solutions like On2cook (https://linktr.ee/on2cook) fit in well. They help reduce dependency on a single energy source while maintaining speed and consistency in operations.

The shift now is clearly towards more resilient and engineered kitchen systems.",51,2026-03-11T09:31:03.000Z,,shortageoflpgsupply,krishnaskitchen,kk,lpgsupply,,,,,,,,,,,,,,,,,,,Instagram
"NCR INDANE ensures a steady supply of clean, safe, and eco-friendly LPG for homes and businesses. With reliable service and unmatched quality, our cylinders power kitchens with trust and efficiency. Choose NCR INDANE for a smarter, greener energy solution that makes every cooking experience convenient, safe, and worry-free.

☎️Get your New Connection Now
93528-15229
📍Visit
NCR Indane, Shop no. 121, First Floor, Ganpati Mall, Samtal Road, Bhiwadi-301019, District-Alwar (Raj.)
:
:
:
:
:
:
NCR Indane, LPG gas, eco friendly gas, clean fuel, safe gas, household cooking, industrial gas, commercial LPG, energy solution, trusted gas, LPG supply, gas cylinder, reliable service, green energy, eco solution, safe energy, clean cooking, cooking fuel, LPG connection, energy provider

#NCRIndane #LPGGas #EcoFriendlyGas #CleanFuel #SafeGas #HouseholdCooking #IndustrialGas #CommercialLPG #EnergySolution #TrustedGas #LPGSupply #GasCylinder #ReliableService #GreenEnergy #EcoSolution #SafeEnergy #CleanCooking #CookingFuel #LPGConnection #EnergyProvider",NCR Indane,ncrindane_,https://www.instagram.com/p/DOklEXFEwuH/,17,Nice 👏,111,2025-09-14T05:50:47.000Z,,NCRIndane,LPGGas,EcoFriendlyGas,CleanFuel,SafeGas,HouseholdCooking,IndustrialGas,CommercialLPG,EnergySolution,TrustedGas,LPGSupply,GasCylinder,ReliableService,GreenEnergy,EcoSolution,SafeEnergy,CleanCooking,CookingFuel,LPGConnection,EnergyProvider,,,Instagram
"The best part of your day is knowing we’ve got your back. 

Getting your LPG delivered should be the easiest thing on your to-do list. From our bottling plants to your doorstep, we ensure a smooth, safe, and professional experience every single time.

Sit back and relax, your LPG supply is in good hands.

#SUPERGAS #HomeDelivery #LPGSupply #EasyLiving #CustomerCare",SUPERGAS - SHV Energy Private Limited,supergasshvenergy,https://www.instagram.com/p/DXwnVw1DR5I/,0,,26,2026-04-30T14:44:04.000Z,,SUPERGAS,HomeDelivery,LPGSupply,EasyLiving,CustomerCare,,,,,,,,,,,,,,,,,,Instagram
"LPG Price Hike in India: Commercial LPG Cylinder Price Increased
The price of a 19 kg commercial LPG cylinder has been raised by ₹993. After this revision, the new price in Delhi has reached ₹3,071.50. This significant increase is likely to raise operating costs for food businesses that depend heavily on commercial cooking gas.

However, there is no change in domestic LPG cylinder prices, which means household users will not be affected by this revision for now.",Bhopali Points,bhopali_points,https://www.instagram.com/p/DXyXW3As61-/,0,,-1,2026-05-01T07:03:33.000Z,,,,,,,,,,,,,,,,,,,,,,,,Instagram
"LPG supply remains steady across the country.
Domestic deliveries are running smoothly while additional commercial LPG supply is being ensured to support demand.

Please rely only on official updates and avoid misinformation.

#StayCalmIndia #LPGSupply #EnergyOfIndia #Indane  #IndianOil",Indian Oil Corporation Limited,indianoilcorp,https://www.instagram.com/p/DWx0Tu5jjCd/,19,"विषय: ₹1010 के ऑनलाइन भुगतान के बावजूद 5 दिनों से गैस रिफिल न देने, भुगतान रोकने और गैस एजेंसी द्वारा अभद्र व्यवहार/धमकी के विरुद्ध शिकायत।
महोदय,
मैं, अमरजीत सिंह (उपभोक्ता संख्या 7590263492 निवासी: ग्राम व पोस्ट-छितौना, गोपालगंज, बिहार, इण्डियन ऑयल (Indane) का एक नियमित उपभोक्ता हूँ। मैं अपनी गैस एजेंसी
 UCHKAGAON INDANE (0000180221)
Address:: At Amtha Bhuwan Po. Line Bazar, ""Ps. Uchkagaon, Dist Gopalganj"", 
Gopalganj, 
Uchkagaon, Gopalganj, Bihar(10)-841438
GSTIN:: 10ANPPM0678J1ZT
Phone No :: 9934678664
E-mail :: uchkagaonindane27th05@yahoo.com 
की कार्यप्रणाली और उनके कर्मचारियों के दुर्व्यवहार के विरुद्ध यह शिकायत दर्ज कर रहा हूँ।
शिकायत का मुख्य विवरण:
ऑनलाइन भुगतान और बुकिंग: मैंने दिनांक 15 अप्रैल 2026 को इण्डियन ऑयल के पोर्टल/ऐप के माध्यम से गैस रिफिल बुक की थी और ₹1010 का पूर्ण भुगतान कर दिया था। (Transaction ID: 28225690510
सेवा में भारी कमी (Deficiency in Service): बुकिंग और पूर्ण भुगतान के आज 5 दिन बीत जाने के बाद भी मुझे सिलेंडर की डिलीवरी नहीं दी गई है। यह उपभोक्ता संरक्षण अधिनियम, 2019 के तहत सेवा में गंभीर कोताही है।
अभद्र व्यवहार और धमकी: जब मैंने एजेंसी से संपर्क किया, तो वहां के कर्मचारियों ने समाधान करने के बजाय अत्यंत अभद्र भाषा का प्रयोग किया। उन्होंने मुझे स्पष्ट रूप से धमकी देते हुए कहा, ""चाहे आपने 5 तारीख को बुकिंग की हो या कभी भी, आपको गैस नहीं दी जाएगी।""
अनुचित व्यापार व्यवहार (Unfair Trade Practice): उपभोक्ता से एडवांस पैसे लेकर सेवा न देना और उसे डराना-धमकाना 'Unfair Trade Practice' का स्पष्ट मामला है, जिससे मुझे भारी मानसिक प्रताड़ना हुई है
उपभोक्ता की मांग:
मेरा बकाया गैस रिफिल तुरंत बिना किसी अतिरिक्त शुल्क के डिलीवर कराया जाए।
एजेंसी द्वारा की गई देरी और उपभोक्ता को मानसिक रूप से परेशान करने के लिए उचित हर्जाना/दंड लगाया जाए।
दोषी कर्मचारियों और एजेंसी के विरुद्ध सख्त विभागीय कार्यवाही की जाए।
उपभोक्ता विवरण:
नाम: अमरजीत सिंह 
मोबाइल: 7562905868",95,2026-04-06T05:25:44.000Z,,StayCalmIndia,LPGSupply,EnergyOfIndia,Indane,IndianOil,,,,,,,,,,,,,,,,,,Instagram
"Your LPG supply remains secure and uninterrupted.

IndianOil continues to ensure steady LPG availability for households across the country.

We understand that some customers may be booking refills earlier than usual. However, advance or panic bookings can temporarily increase demand and affect delivery timelines.

A small step can make a big difference:
Please book your LPG refill only when required and avoid panic bookings.

Our teams and distributors remain committed to ensuring cylinders reach homes across India.

#NationFirst #TheEnergyOfIndia #IndianOil #Indane #LPGForHomes FuelingIndia",Indian Oil Corporation Limited,indianoilcorp,https://www.instagram.com/p/DV-CB5vgWYx/,70,Liars. it has been 40 days since last delivery for my friend and still no delivery. he book on April 28th and they are delivering only for people who booked on or before april 20th. worst part is Indane has monopoly in our town and won't let competitors enter.,834,2026-03-17T02:45:04.000Z,,NationFirst,TheEnergyOfIndia,IndianOil,Indane,LPGForHomes,,,,,,,,,,,,,,,,,,Instagram
"Dear customers, we’re pleased to inform you that LPG supply has been fully restored. Gas is now available across all Gasland outlets.

Thank you for your patience and trust.",Gasland Nigeria Ltd.,gaslandng,https://www.instagram.com/p/DPbKkg6AoWj/,3,Why is there no gas yet for us with 50kg cylinders,15,2025-10-05T10:37:28.000Z,,,,,,,,,,,,,,,,,,,,,,,,Instagram
"LPG supply is moving again 🚢🇮🇳
After delays at the Strait of Hormuz, major LPG vessels are finally reaching India.

✔️ Supply improving
⚠️ Market still tight
📈 Transport demand likely to rise

#LPG #Logistics #IndiaEnergy #TransportBusiness #OilAndGas SupplyChain",Vineethkumar Ganapathy,vineethkumar_abc,https://www.instagram.com/p/DV-65n1kiBH/,0,,-1,2026-03-17T11:01:44.000Z,,LPG,Logistics,IndiaEnergy,TransportBusiness,OilAndGas,,,,,,,,,,,,,,,,,,Instagram
"Fueling Growth, Powering Progress

Commercial LPG supply has now raised to ~70% of levels before current geopolitical condition. 

At IndianOil, we remain committed to: 
. Consistent supply
. Priority support to Hospitals, Pharmaceutical & Educational sectors
. Reliable and efficient energy access

Together, we keep kitchens running and businesses thriving.

#IndianOil #EnergyOfIndia #OnDutyAlways #StayCalmIndia",Indian Oil Corporation Limited,indianoilcorp,https://www.instagram.com/p/DWx_B5fjUeQ/,39,Fake News,492,2026-04-06T06:59:10.000Z,,IndianOil,EnergyOfIndia,OnDutyAlways,StayCalmIndia,,,,,,,,,,,,,,,,,,,Instagram
"When LPG supply stopped, many hotels struggled… but we took action 💪
We imported high-performance electric fryers to keep businesses running without interruption ⚡🍟

Don’t shut down your kitchen — upgrade it.
Switch smart, cook faster, and stay ahead of the game 🚀

This is not just equipment… this is your business backup plan 🔥

⸻

electric fryer commercial
lpg alternative kitchen
restaurant electric equipment
gas shortage solution
hotel kitchen upgrade
electric cooking system
deep fryer electric
commercial kitchen india
food business solutions
restaurant equipment supplier

⸻

#electricfryer
#restaurantbusiness
#kitchenequipment
#foodbusiness
#hotelindustry",Commercial Kitchen And Hotel Equipments,coboltmachineries,https://www.instagram.com/p/DWT7keJkxZ7/,16,Price,-1,2026-03-25T14:54:54.000Z,,electricfryer,restaurantbusiness,kitchenequipment,foodbusiness,hotelindustry,,,,,,,,,,,,,,,,,,Instagram
"A sharp price hike has been announced for commercial LPG cylinders, with the cost of a 19 kg cylinder increased by ₹993 from May 1. Following this revision, the price in Delhi now stands at ₹3,071.50, marking one of the steepest recent increases and adding significant pressure on businesses such as hotels, restaurants, and small commercial establishments that rely heavily on these cylinders. Despite this major jump for commercial users, there has been no change in the price of domestic LPG cylinders, offering some relief to household consumers. The hike is being linked to fluctuations in global energy markets and rising input costs, reflecting broader inflationary pressures impacting the economy.

Follow @geowiredaily for regular updates❣️
Drop your thoughts in the comments section👆🏻

#lpgcylinder #pricehike #commercialcylinder #lpg #cylinder",GeoWireDaily,geowiredaily,https://www.instagram.com/p/DXx5azNCc1T/,5,Today commercial gas 19kg  3700,191,2026-05-01T02:42:59.000Z,,lpgcylinder,pricehike,commercialcylinder,lpg,cylinder,,,,,,,,,,,,,,,,,,Instagram
"Amid concerns over #LPG supply in #Assam, Chief Minister #HimantaBiswaSarma has asserted that there is no crisis in the state. However, a senior official from Indian Oil Corporation Limited (#IOCL) stated that the current LPG stock in Assam would last around 11–13 days. Authorities have also issued guidelines encouraging consumers to book LPG cylinders online to manage demand and ensure smooth distribution, while officials continue efforts to stabilise supply and prevent panic buying.",India Today NE,indiatodayne,https://www.instagram.com/p/DV1QgkXD0mz/,24,"People keep electing these politicians every term after term. So instead of blaming these lie speaking politicians, people should vote wisely. Until this changes, no change u can expect",368,2026-03-13T16:57:59.000Z,,LPG,"Assam,",HimantaBiswaSarma,IOCL),,,,,,,,,,,,,,,,,,,Instagram
"LPG problem in india// lpg crisis in india// how to manage without lpg gas / gas crisis 

lpg crisis, lpg, problem, induction, indian gas agency, inductions chulha, lpg supply crisis 

#lpg #lpgcrisisindia #viral #trendingreels #stove",Priyanka Sharma,priyankasharma_77,https://www.instagram.com/p/DV_S3kOiMWA/,359,"Bahan gais to fir bhi mil jayegi ,mitti ka tel kha pashan yug se laoge",28741,2026-03-17T14:36:06.000Z,,lpg,lpgcrisisindia,viral,trendingreels,stove,,,,,,,,,,,,,,,,,,Instagram
"LPG supply is strong in NZ. 🔥
But pricing follows global markets.

So this is about control.

Small habits in the kitchen = real savings on your bill.

Control cost. Protect margin.

#ChefMack #KitchenEfficiency #FoodCost #HospitalityNZ #ChefTips",Chef Mack,chefmack82,https://www.instagram.com/p/DWeg6ZYEruH/,0,,2,2026-03-29T17:30:00.000Z,,ChefMack,KitchenEfficiency,FoodCost,HospitalityNZ,ChefTips,,,,,,,,,,,,,,,,,,Instagram
"Massive Gas Hike: The price of a 19-kg commercial LPG cylinder has been increased by ₹993, effective May 1, 2026. This 3rd consecutive monthly hike, aimed directly at restaurants, hotels, & small eateries, has significantly impacted their operating costs. #LPG #IndianNews #Gas",Janpath News Network,janpathnewsnetwork,https://www.instagram.com/p/DXyYhyNlG-O/,0,,0,2026-05-01T07:13:07.000Z,,LPG,IndianNews,Gas,,,,,,,,,,,,,,,,,,,,Instagram
"STOP! 
Don't let ""Gas Shortage"" rumors empty your pocket! 

​With news about LPG supply hitting the headlines, some delivery agents are taking advantage of the panic by demanding ""Service Charges"" or ""Shortage Fees"" of ₹500–1000.

​Here is the truth:
No matter what you hear, you are legally required to pay ONLY the amount printed on your official bill. 

​The bill already includes:
​Actual Gas Cost
​Central & State Taxes
​Delivery Charges to your doorstep
​If an agent asks for a single rupee extra, it’s illegal. Don’t let them pressure you into paying ""black market"" rates.
#gasshortage #lpgfraud #gascylinder",The Fincredibles by South Indian Bank,the.fincredibles,https://www.instagram.com/p/DWY_4hZEf3x/,9,@Vikassirmotivation100k subscribe YouTube channel,713,2026-03-27T14:18:31.000Z,,gasshortage,lpgfraud,gascylinder,,,,,,,,,,,,,,,,,,,,Instagram
"When LPG supply becomes unpredictable, your service doesn’t have to.

With Dito, your beverages keep flowing without interruptions. No cylinders. No waiting. Just consistent service every single time. ☕

#lpggascylinder #ditocoffee #ditomachines",Dito Poursome,pour_dito,https://www.instagram.com/p/DVx6WL0E0pJ/,3,Price of machine??,932,2026-03-12T09:46:40.000Z,,lpggascylinder,ditocoffee,ditomachines,,,,,,,,,,,,,,,,,,,,Instagram
